Precision,Recall
0.03187149413564508,1.0
0.031713554987212275,0.992
0.03172166794576618,0.992
0.03172978505629478,0.992
0.03173790632198618,0.992
0.031746031746031744,0.992
0.03175416133162612,0.992
0.031762295081967214,0.992
0.03177043300025621,0.992
0.03177857508969759,0.992
0.0317867213534991,0.992
0.031794871794871796,0.992
0.031803026417030006,0.992
0.03181118522319138,0.992
0.03181934821657685,0.992
0.03182751540041068,0.992
0.03183568677792041,0.992
0.03184386235233693,0.992
0.03185204212689442,0.992
0.03186022610483042,0.992
0.03186841428938576,0.992
0.031876606683804626,0.992
0.031884803291334536,0.992
0.03189300411522634,0.992
0.03190120915873424,0.992
0.0319094184251158,0.992
0.03191763191763192,0.992
0.03192584963954686,0.992
0.03193407159412825,0.992
0.03194229778464709,0.992
0.03195052821437774,0.992
0.031958762886597936,0.992
0.031967001804588814,0.992
0.03197524497163486,0.992
0.031983492391023986,0.992
0.03199174406604747,0.992
0.032,0.992
0.03200826019617966,0.992
0.03201652465788794,0.992
0.03202479338842975,0.992
0.032033066391113404,0.992
0.03204134366925065,0.992
0.032049625226156626,0.992
0.03205791106514995,0.992
0.032066201189552626,0.992
0.03207449560269012,0.992
0.032082794307891335,0.992
0.032091097308488616,0.992
0.03209940460781776,0.992
0.03210771620921802,0.992
0.03211603211603212,0.992
0.03212435233160622,0.992
0.03213267685928997,0.992
0.0321410057024365,0.992
0.03214933886440238,0.992
0.032157676348547715,0.992
0.032166018158236054,0.992
0.03217436429683446,0.992
0.03218271476771347,0.992
0.032191069574247146,0.992
0.03219942871981304,0.992
0.032207792207792206,0.992
0.03221616004156924,0.992
0.032224532224532226,0.992
0.03223290876007279,0.992
0.03224128965158606,0.992
0.03224967490247074,0.992
0.03225806451612903,0.992
0.032266458495966696,0.992
0.032274856845393024,0.992
0.03228325956782088,0.992
0.03229166666666667,0.992
0.03230007814535035,0.992
0.03230849400729546,0.992
0.03231691425592911,0.992
0.03232533889468196,0.992
0.03233376792698826,0.992
0.03234220135628586,0.992
0.032350639186016175,0.992
0.032359081419624215,0.992
0.0323675280605586,0.992
0.03237597911227154,0.992
0.03238443457821886,0.992
0.03239289446185998,0.992
0.03240135876665796,0.992
0.03240982749607946,0.992
0.03241830065359477,0.992
0.032426778242677826,0.992
0.032435260266806175,0.992
0.032443746729461015,0.992
0.03245223763412719,0.992
0.032460732984293195,0.992
0.032469232783451166,0.992
0.03247773703509691,0.992
0.032486245742729895,0.992
0.03249475890985325,0.992
0.032503276539973786,0.992
0.032511798636601995,0.992
0.032520325203252036,0.992
0.03252885624344176,0.992
0.03253739176069273,0.992
0.03254593175853018,0.992
0.03255447624048307,0.992
0.032563025210084036,0.992
0.032571578670869454,0.992
0.0325801366263794,0.992
0.032588699080157685,0.992
0.03259726603575184,0.992
0.03260583749671312,0.992
0.03261441346659653,0.992
0.0326229939489608,0.992
0.03263157894736842,0.992
0.03264016846538563,0.992
0.03264876250658241,0.992
0.03265736107453253,0.992
0.032665964172813484,0.992
0.03267457180500659,0.992
0.03268318397469689,0.992
0.03269180068547324,0.992
0.03270042194092827,0.992
0.0327090477446584,0.992
0.03271767810026385,0.992
0.032726313011348644,0.992
0.03273495248152059,0.992
0.03274359651439134,0.992
0.032752245113576335,0.992
0.03276089828269485,0.992
0.03276955602536998,0.992
0.032778218345228656,0.992
0.03278688524590164,0.992
0.03279555673102354,0.992
0.0328042328042328,0.992
0.032812913469171735,0.992
0.0328215987294865,0.992
0.03283028858882711,0.992
0.03283898305084746,0.992
0.0328476821192053,0.992
0.03285638579756227,0.992
0.032865094089583886,0.992
0.032873806998939555,0.992
0.03288252452930257,0.992
0.03289124668435013,0.992
0.032899973467763334,0.992
0.032908704883227176,0.992
0.03291744093443058,0.992
0.032926181625066386,0.992
0.032934926958831344,0.992
0.03294367693942614,0.992
0.032952431570555406,0.992
0.0329611908559277,0.992
0.03296995479925552,0.992
0.03297872340425532,0.992
0.03298749667464751,0.992
0.03299627461415647,0.992
0.033005057226510516,0.992
0.03301384451544196,0.992
0.03302263648468708,0.992
0.03303143313798615,0.992
0.0330402344790834,0.992
0.03304904051172708,0.992
0.03305785123966942,0.992
0.03306666666666667,0.992
0.033075486796479064,0.992
0.033084311632870865,0.992
0.033093141179610354,0.992
0.03310197544046983,0.992
0.033110814419225636,0.992
0.03311965811965812,0.992
0.033128506545551696,0.992
0.03313735970069481,0.992
0.03314621758887998,0.992
0.033155080213903745,0.992
0.03316394757956673,0.992
0.03317281968967362,0.992
0.033181696548033185,0.992
0.03292291220556745,0.984
0.03293172690763052,0.984
0.032940546331012316,0.984
0.0329493704795071,0.984
0.03295819935691318,0.984
0.03296703296703297,0.984
0.032975871313672925,0.984
0.03298471440064361,0.984
0.03299356223175966,0.984
0.03300241481083982,0.984
0.033011272141706925,0.984
0.03302013422818792,0.984
0.033029001074113856,0.984
0.033037872683319904,0.984
0.03304674905964535,0.984
0.03305563020693362,0.984
0.03306451612903226,0.984
0.033073406829792956,0.984
0.03308230231307154,0.984
0.033091202582728005,0.984
0.03310010764262648,0.984
0.033109017496635265,0.984
0.033117932148626815,0.984
0.03312685160247778,0.984
0.033135775862068964,0.984
0.033144704931285365,0.984
0.03315363881401617,0.984
0.03316257751415476,0.984
0.03317152103559871,0.984
0.0331804693822498,0.984
0.033189422558014034,0.984
0.03319838056680162,0.984
0.033207343412527,0.984
0.03321631109910883,0.984
0.03322528363047002,0.984
0.03323426101053769,0.984
0.033243243243243244,0.984
0.0332522303325223,0.984
0.03326122228231476,0.984
0.03327021909656478,0.984
0.033279220779220776,0.984
0.033288227334235455,0.984
0.033297238765565784,0.984
0.03330625507717303,0.984
0.033315276273022755,0.984
0.0333243023570848,0.984
0.03333333333333333,0.984
0.03334236920574681,0.984
0.03335140997830802,0.984
0.03336045565500407,0.984
0.03336950623982637,0.984
0.033378561736770694,0.984
0.033387622149837134,0.984
0.03339668748303014,0.984
0.0334057577403585,0.984
0.03341483292583537,0.984
0.03342391304347826,0.984
0.03343299809730905,0.984
0.033442088091353996,0.984
0.033451183029643734,0.984
0.03346028291621327,0.984
0.03346938775510204,0.984
0.033478497550353835,0.984
0.03348761230601688,0.984
0.03349673202614379,0.984
0.03350585671479161,0.984
0.0335149863760218,0.984
0.033524121013900246,0.984
0.03353326063249727,0.984
0.03354240523588765,0.984
0.03355155482815057,0.984
0.033560709413369715,0.984
0.03356986899563319,0.984
0.03357903357903358,0.984
0.03358820316766794,0.984
0.0335973777656378,0.984
0.03360655737704918,0.984
0.03361574200601257,0.984
0.03362493165664297,0.984
0.033634126333059886,0.984
0.03364332603938731,0.984
0.03365253077975376,0.984
0.03366174055829228,0.984
0.03367095537914043,0.984
0.033680175246440305,0.984
0.03368940016433854,0.984
0.033424657534246574,0.976
0.033433817484242255,0.976
0.03344298245614035,0.976
0.03345215245407184,0.976
0.033461327482172246,0.976
0.03347050754458162,0.976
0.033479692645444564,0.976
0.03348888278891024,0.976
0.033498077979132346,0.976
0.03350727822026916,0.976
0.033516483516483515,0.976
0.03352569387194284,0.976
0.033534909290819134,0.976
0.033544129777288975,0.976
0.03355335533553355,0.976
0.03356258596973865,0.976
0.033571821684094665,0.976
0.03358106248279659,0.976
0.03359030837004405,0.976
0.03359955935004131,0.976
0.03360881542699724,0.976
0.03361807660512538,0.976
0.03362734288864388,0.976
0.03363661428177557,0.976
0.03364589078874793,0.976
0.0336551724137931,0.976
0.0336644591611479,0.976
0.03367375103505382,0.976
0.03368304803975704,0.976
0.033692350179508425,0.976
0.03370165745856354,0.976
0.03371096988118265,0.976
0.033720287451630734,0.976
0.03372961017417749,0.976
0.03373893805309734,0.976
0.03374827109266943,0.976
0.033757609297177645,0.976
0.0337669526709106,0.976
0.033776301218161685,0.976
0.03378565494322902,0.976
0.033795013850415515,0.976
0.03380437794402882,0.976
0.033813747228381374,0.976
0.03382312170779041,0.976
0.03383250138657792,0.976
0.03384188626907073,0.976
0.033851276359600446,0.976
0.03386067166250347,0.976
0.03387007218212104,0.976
0.033879477922799224,0.976
0.03388888888888889,0.976
0.03389830508474576,0.976
0.0339077265147304,0.976
0.03391715318320823,0.976
0.0339265850945495,0.976
0.03393602225312935,0.976
0.03394546466332777,0.976
0.03395491232952964,0.976
0.03396436525612472,0.976
0.033973823447507656,0.976
0.033983286908077996,0.976
0.03399275564224018,0.976
0.03400222965440357,0.976
0.034011708948982436,0.976
0.03402119353039598,0.976
0.03403068340306834,0.976
0.03404017857142857,0.976
0.03404967903991069,0.976
0.034059184812953655,0.976
0.034068695895001395,0.976
0.03407821229050279,0.976
0.034087734003911706,0.976
0.03409726103968697,0.976
0.034106793402292425,0.976
0.03411633109619687,0.976
0.034125874125874124,0.976
0.03413542249580302,0.976
0.034144976210467394,0.976
0.0341545352743561,0.976
0.03416409969196304,0.976
0.03417366946778711,0.976
0.034183244606332305,0.976
0.034192825112107625,0.976
0.03420241098962714,0.976
0.034212002243409985,0.976
0.03422159887798037,0.976
0.03423120089786756,0.976
0.03424080830760595,0.976
0.03425042111173498,0.976
0.034260039314799214,0.976
0.034269662921348316,0.976
0.03427929193593706,0.976
0.034288926363125354,0.976
0.03429856620747821,0.976
0.0343082114735658,0.976
0.034317862165963435,0.976
0.03432751828925155,0.976
0.034337179848015764,0.976
0.03434684684684685,0.976
0.03435651929034075,0.976
0.03436619718309859,0.976
0.034375880529726684,0.976
0.034385569334836524,0.976
0.034395263603044825,0.976
0.03440496333897349,0.976
0.03441466854724965,0.976
0.034424379232505645,0.976
0.034434095399379056,0.976
0.034443817052512704,0.976
0.03445354419655464,0.976
0.03446327683615819,0.976
0.03447301497598192,0.976
0.034482758620689655,0.976
0.034492507774950526,0.976
0.034502262443438916,0.976
0.03451202263083451,0.976
0.0345217883418223,0.976
0.03453155958109256,0.976
0.03454133635334088,0.976
0.034551118663268196,0.976
0.03456090651558073,0.976
0.03457069991499008,0.976
0.03458049886621315,0.976
0.03459030337397222,0.976
0.03460011344299489,0.976
0.03460992907801418,0.976
0.034619750283768444,0.976
0.03462957706500142,0.976
0.034639409426462237,0.976
0.03464924737290542,0.976
0.03465909090909091,0.976
0.03466894003978403,0.976
0.03467879476975554,0.976
0.034688655103781635,0.976
0.034698521046643914,0.976
0.03470839260312945,0.976
0.03471826977803073,0.976
0.03472815257614575,0.976
0.034738041002277904,0.976
0.034747935061236114,0.976
0.034757834757834755,0.976
0.0347677400968937,0.976
0.03477765108323831,0.976
0.034787567721699456,0.976
0.03479749001711352,0.976
0.034807417974322394,0.976
0.034817351598173514,0.976
0.03482729089351984,0.976
0.034837235865219876,0.976
0.034847186518137674,0.976
0.03485714285714286,0.976
0.0348671048871106,0.976
0.03487707261292167,0.976
0.0348870460394624,0.976
0.03489702517162471,0.976
0.03490701001430615,0.976
0.034917000572409845,0.976
0.03492699685084455,0.976
0.03493699885452463,0.976
0.03494700658837009,0.976
0.03495702005730659,0.976
0.034967039266265404,0.976
0.034977064220183485,0.976
0.03498709492400344,0.976
0.03499713138267355,0.976
0.03500717360114777,0.976
0.03501722158438576,0.976
0.03502727533735286,0.976
0.0350373348650201,0.976
0.03504740017236426,0.976
0.03505747126436782,0.976
0.03506754814601897,0.976
0.035077630822311676,0.976
0.03508771929824561,0.976
0.035097813578826235,0.976
0.035107913669064746,0.976
0.03511801957397812,0.976
0.03512813129858912,0.976
0.03513824884792627,0.976
0.03514837222702391,0.976
0.03515850144092219,0.976
0.035168636494667053,0.976
0.03517877739331027,0.976
0.03518892414190943,0.976
0.03519907674552799,0.976
0.03520923520923521,0.976
0.03521939953810624,0.976
0.03522956973722206,0.976
0.035239745811669554,0.976
0.03524992776654146,0.976
0.03526011560693642,0.976
0.035270309337958945,0.976
0.035280508964719494,0.976
0.035290714492334396,0.976
0.03530092592592592,0.976
0.035311143270622285,0.976
0.03532136653155762,0.976
0.035331595713872,0.976
0.03534183082271147,0.976
0.03535207186322805,0.976
0.03536231884057971,0.976
0.035372571759930416,0.976
0.03538283062645012,0.976
0.035393095445314764,0.976
0.035403366221706326,0.976
0.03541364296081277,0.976
0.03542392566782811,0.976
0.03543421434795237,0.976
0.03544450900639163,0.976
0.03545480964835804,0.976
0.035465116279069765,0.976
0.03547542890375109,0.976
0.035485747527632346,0.976
0.03549607215594996,0.976
0.03550640279394645,0.976
0.03551673944687045,0.976
0.035527082119976704,0.976
0.03553743081852607,0.976
0.035547785547785545,0.976
0.03555814631302827,0.976
0.035568513119533525,0.976
0.03557888597258676,0.976
0.03558926487747958,0.976
0.03559964983950978,0.976
0.03561004086398132,0.976
0.03562043795620438,0.976
0.035630841121495324,0.976
0.03564125036517674,0.976
0.03565166569257744,0.976
0.035662087109032445,0.976
0.03567251461988304,0.976
0.03568294823047675,0.976
0.035693387946167346,0.976
0.0357038337723149,0.976
0.03571428571428571,0.976
0.03572474377745242,0.976
0.035735207967193906,0.976
0.0357456782888954,0.976
0.03575615474794842,0.976
0.03576663734975081,0.976
0.03577712609970674,0.976
0.03578762100322675,0.976
0.0357981220657277,0.976
0.035808629292632815,0.976
0.0358191426893717,0.976
0.035829662261380325,0.976
0.035840188014101056,0.976
0.03585071995298266,0.976
0.035861258083480306,0.976
0.03587180241105557,0.976
0.03588235294117647,0.976
0.03589290967931744,0.976
0.03590347263095939,0.976
0.035914041801589636,0.976
0.035924617196702,0.976
0.03593519882179676,0.976
0.03594578668238067,0.976
0.03595638078396699,0.976
0.03596698113207547,0.976
0.03597758773223238,0.976
0.0359882005899705,0.976
0.035998819710829154,0.976
0.03600944510035419,0.976
0.03602007676409802,0.976
0.03603071470761961,0.976
0.03604135893648449,0.976
0.03605200945626478,0.976
0.036062666272539165,0.976
0.036073329390892965,0.976
0.036083998816918074,0.976
0.03609467455621302,0.976
0.03610535661438295,0.976
0.036116044997039666,0.976
0.0361267397098016,0.976
0.03613744075829384,0.976
0.03614814814814815,0.976
0.03615886188500297,0.976
0.03616958197450341,0.976
0.036180308422301306,0.976
0.03619104123405518,0.976
0.03620178041543027,0.976
0.03621252597209854,0.976
0.03622327790973872,0.976
0.03623403623403623,0.976
0.036244800950683304,0.976
0.036255572065378903,0.976
0.03626634958382877,0.976
0.03627713351174547,0.976
0.0362879238548483,0.976
0.03629872061886343,0.976
0.03630952380952381,0.976
0.03632033343256922,0.976
0.03633114949374628,0.976
0.03634197199880846,0.976
0.03635280095351609,0.976
0.03636363636363636,0.976
0.03637447823494335,0.976
0.03638532657321801,0.976
0.03639618138424821,0.976
0.03640704267382871,0.976
0.036417910447761194,0.976
0.03642878471185428,0.976
0.03643966547192354,0.976
0.036450552733791455,0.976
0.03646144650328751,0.976
0.03617339312406577,0.968
0.03618421052631579,0.968
0.03619503440023931,0.968
0.03620586475164572,0.968
0.036216701586351395,0.968
0.03622754491017964,0.968
0.03623839472896077,0.968
0.03624925104853206,0.968
0.036260113874737786,0.968
0.03627098321342925,0.968
0.036281859070464766,0.968
0.03629274145170966,0.968
0.036303630363036306,0.968
0.03631452581032413,0.968
0.036325427799459624,0.968
0.03633633633633634,0.968
0.03634725142685491,0.968
0.03635817307692308,0.968
0.036369101292455665,0.968
0.03638003607937462,0.968
0.03639097744360902,0.968
0.03640192539109507,0.968
0.03641287992777611,0.968
0.03642384105960265,0.968
0.03643480879253237,0.968
0.03644578313253012,0.968
0.036456764085567944,0.968
0.03646775165762507,0.968
0.03647874585468797,0.968
0.036489746682750304,0.968
0.036500754147812974,0.968
0.036511768255884126,0.968
0.03652278901297917,0.968
0.036533816425120776,0.968
0.036544850498338874,0.968
0.036555891238670694,0.968
0.03656693865216078,0.968
0.03657799274486094,0.968
0.03658905352283036,0.968
0.03660012099213551,0.968
0.036611195158850224,0.968
0.03662227602905569,0.968
0.036633363608840445,0.968
0.036644457904300425,0.968
0.036655558921538926,0.968
0.03666666666666667,0.968
0.03667778114580176,0.968
0.03668890236506974,0.968
0.03670003033060358,0.968
0.03671116504854369,0.968
0.03672230652503793,0.968
0.03673345476624165,0.968
0.036744609778317644,0.968
0.03675577156743621,0.968
0.03676694013977515,0.968
0.036778115501519756,0.968
0.03678929765886288,0.968
0.03680048661800486,0.968
0.036811682385153636,0.968
0.03682288496652465,0.968
0.036834094368340946,0.968
0.03684531059683313,0.968
0.03685653365823942,0.968
0.036867763558805604,0.968
0.03687900030478513,0.968
0.03689024390243902,0.968
0.03690149435803599,0.968
0.03691275167785235,0.968
0.03692401586817211,0.968
0.036935286935286936,0.968
0.036946564885496185,0.968
0.036957849725106906,0.968
0.036969141460433855,0.968
0.03698044009779951,0.968
0.03699174564353409,0.968
0.037003058103975535,0.968
0.03701437748546956,0.968
0.03702570379436965,0.968
0.037037037037037035,0.968
0.037048377219840785,0.968
0.03705972434915773,0.968
0.03707107843137255,0.968
0.03708243947287772,0.968
0.03709380748007358,0.968
0.037105182459368294,0.968
0.037116564417177915,0.968
0.03712795335992636,0.968
0.03713934929404543,0.968
0.037150752225974824,0.968
0.037162162162162164,0.968
0.03717357910906298,0.968
0.03718500307314075,0.968
0.037196434060866895,0.968
0.03720787207872079,0.968
0.03721931713318979,0.968
0.037230769230769234,0.968
0.03724222837796245,0.968
0.03725369458128079,0.968
0.03726516784724361,0.968
0.03727664818237831,0.968
0.03728813559322034,0.968
0.03729963008631319,0.968
0.03731113166820845,0.968
0.037322640345465764,0.968
0.037334156124652886,0.968
0.03734567901234568,0.968
0.03735720901512812,0.968
0.03736874613959234,0.968
0.03738029039233858,0.968
0.03739184177997528,0.968
0.03740340030911901,0.968
0.03741496598639456,0.968
0.03742653881843489,0.968
0.03743811881188119,0.968
0.03744970597338285,0.968
0.037461300309597524,0.968
0.03747290182719108,0.968
0.03748451053283767,0.968
0.03749612643321971,0.968
0.0375077495350279,0.968
0.03751937984496124,0.968
0.03753101736972705,0.968
0.03754266211604096,0.968
0.03755431409062694,0.968
0.037565973300217326,0.968
0.037577639751552795,0.968
0.03758931345138242,0.968
0.03760099440646364,0.968
0.03761268262356233,0.968
0.03762437810945274,0.968
0.037636080870917576,0.968
0.03764779091474798,0.968
0.03765950824774354,0.968
0.03767123287671233,0.968
0.03768296480847088,0.968
0.037694704049844235,0.968
0.03770645060766594,0.968
0.03771820448877806,0.968
0.03772996570003118,0.968
0.03774173424828447,0.968
0.037753510140405615,0.968
0.03776529338327091,0.968
0.03777708398376522,0.968
0.037788881948782015,0.968
0.037800687285223365,0.968
0.0378125,0.968
0.03782432010003126,0.968
0.037836147592245156,0.968
0.03784798248357835,0.968
0.03785982478097622,0.968
0.0378716744913928,0.968
0.03788353162179086,0.968
0.03789539617914187,0.968
0.03790726817042606,0.968
0.0379191476026324,0.968
0.03793103448275862,0.968
0.03794292881781123,0.968
0.03795483061480552,0.968
0.03796673988076561,0.968
0.03797865662272442,0.968
0.03799058084772371,0.968
0.03800251256281407,0.968
0.038014451775054976,0.968
0.03802639849151477,0.968
0.03803835271927067,0.968
0.038050314465408804,0.968
0.03806228373702422,0.968
0.03807426054122089,0.968
0.03808624488511174,0.968
0.03809823677581864,0.968
0.03811023622047244,0.968
0.03812224322621298,0.968
0.03813425780018909,0.968
0.03814627994955864,0.968
0.03815830968148849,0.968
0.038170347003154574,0.968
0.03818239192174187,0.968
0.03819444444444445,0.968
0.038206504578465424,0.968
0.03821857233101705,0.968
0.03823064770932069,0.968
0.03824273072060683,0.968
0.03825482137211508,0.968
0.038266919671094246,0.968
0.03827902562480228,0.968
0.03829113924050633,0.968
0.038303260525482746,0.968
0.0383153894870171,0.968
0.03832752613240418,0.968
0.03833967046894803,0.968
0.03835182250396196,0.968
0.03836398224476855,0.968
0.03837614969869965,0.968
0.038388324873096444,0.968
0.03840050777530943,0.968
0.03841269841269841,0.968
0.038424896792632585,0.968
0.03843710292249047,0.968
0.038449316809659996,0.968
0.038461538461538464,0.968
0.03847376788553259,0.968
0.03848600508905852,0.968
0.038498250079541836,0.968
0.03851050286441757,0.968
0.03852276345113021,0.968
0.038535031847133756,0.968
0.038547308059891684,0.968
0.03855959209687699,0.968
0.0385718839655722,0.968
0.038584183673469385,0.968
0.03859649122807018,0.968
0.03860880663688577,0.968
0.03862112990743696,0.968
0.03863346104725415,0.968
0.038645800063877356,0.968
0.03865814696485623,0.968
0.03867050175775008,0.968
0.03868286445012788,0.968
0.038695235049568275,0.968
0.03870761356365963,0.968
0.03872,0.968
0.03873239436619718,0.968
0.038744796669868714,0.968
0.038757206918641894,0.968
0.0387696251201538,0.968
0.03878205128205128,0.968
0.03879448541199102,0.968
0.03880692751763951,0.968
0.03881937760667308,0.968
0.03883183568677792,0.968
0.03884430176565008,0.968
0.038856775850995506,0.968
0.038869257950530034,0.968
0.03888174807197944,0.968
0.038894246223079396,0.968
0.03890675241157556,0.968
0.03891926664522354,0.968
0.03893178893178893,0.968
0.03894431927904731,0.968
0.03895685769478429,0.968
0.03896940418679549,0.968
0.0389819587628866,0.968
0.03899452143087335,0.968
0.03900709219858156,0.968
0.03901967107384715,0.968
0.03903225806451613,0.968
0.03904485317844466,0.968
0.03905745642349903,0.968
0.039070067807555696,0.968
0.039082687338501294,0.968
0.039095315024232635,0.968
0.039107950872656755,0.968
0.03912059489169092,0.968
0.039133247089262614,0.968
0.03914590747330961,0.968
0.039158576051779935,0.968
0.03917125283263192,0.968
0.0391839378238342,0.968
0.03919663103336573,0.968
0.03920933246921581,0.968
0.039222042139384114,0.968
0.039234760051880674,0.968
0.039247486214725916,0.968
0.03926022063595068,0.968
0.039272963323596234,0.968
0.039285714285714285,0.968
0.039298473530367,0.968
0.03931124106562703,0.968
0.03932401689957751,0.968
0.03933680104031209,0.968
0.03934959349593496,0.968
0.039362394274560834,0.968
0.039375203384315,0.968
0.039388020833333336,0.968
0.039400846629762294,0.968
0.039413680781758956,0.968
0.03942652329749104,0.968
0.0394393741851369,0.968
0.03945223345288556,0.968
0.03946510110893672,0.968
0.03947797716150082,0.968
0.03949086161879896,0.968
0.03950375448906301,0.968
0.0395166557805356,0.968
0.03952956550147011,0.968
0.03954248366013072,0.968
0.039555410264792416,0.968
0.039568345323741004,0.968
0.03958128884527314,0.968
0.03959424083769633,0.968
0.03960720130932897,0.968
0.03962017026850033,0.968
0.03963314772355061,0.968
0.03964613368283093,0.968
0.03965912815470338,0.968
0.039672131147540986,0.968
0.03968514266972778,0.968
0.039698162729658794,0.968
0.039711191335740074,0.968
0.03972422849638871,0.968
0.03973727422003284,0.968
0.0397503285151117,0.968
0.039763391390075585,0.968
0.03977646285338593,0.968
0.03978954291351529,0.968
0.03980263157894737,0.968
0.03981572885817703,0.968
0.03982883475971034,0.968
0.03984194929206454,0.968
0.03985507246376811,0.968
0.03986820428336079,0.968
0.03988134475939354,0.968
0.03989449390042862,0.968
0.03990765171503958,0.968
0.03992081821181128,0.968
0.03993399339933994,0.968
0.03994717728623308,0.968
0.039960369881109646,0.968
0.039973571192599935,0.968
0.03998678122934567,0.968
0.04,0.968
0.040013227513227514,0.968
0.04002646377770427,0.968
0.0400397088021178,0.968
0.04005296259516716,0.968
0.040066225165562915,0.968
0.040079496522027164,0.968
0.04009277667329357,0.968
0.04010606562810739,0.968
0.04011936339522546,0.968
0.040132669983416254,0.968
0.040145985401459854,0.968
0.040159309658148026,0.968
0.040172642762284196,0.968
0.04018598472268349,0.968
0.04019933554817276,0.968
0.04021269524759056,0.968
0.04022606382978723,0.968
0.040239441303624876,0.968
0.04025282767797738,0.968
0.04026622296173045,0.968
0.040279627163781626,0.968
0.040293040293040296,0.968
0.04030646235842771,0.968
0.04031989336887704,0.968
0.04033333333333333,0.968
0.04034678226075358,0.968
0.04036024016010674,0.968
0.040373707040373706,0.968
0.040387182910547395,0.968
0.04040066777963272,0.968
0.04041416165664663,0.968
0.04042766455061811,0.968
0.04044117647058824,0.968
0.04045469742561016,0.968
0.04046822742474916,0.968
0.04048176647708264,0.968
0.04049531459170013,0.968
0.04050887177770338,0.968
0.0405224380442063,0.968
0.04053601340033501,0.968
0.04054959785522788,0.968
0.040563191418035535,0.968
0.04057679409792086,0.968
0.04059040590405904,0.968
0.04060402684563758,0.968
0.04061765693185633,0.968
0.04063129617192747,0.968
0.04064494457507558,0.968
0.04065860215053763,0.968
0.04067226890756302,0.968
0.04068594485541358,0.968
0.04069963000336361,0.968
0.04071332436069987,0.968
0.040727027936721644,0.968
0.040740740740740744,0.968
0.04075446278208151,0.968
0.040768194070080865,0.968
0.04078193461408831,0.968
0.04079568442346595,0.968
0.040809443507588535,0.968
0.04082321187584345,0.968
0.04083698953763078,0.968
0.04085077650236327,0.968
0.040864572779466396,0.968
0.04087837837837838,0.968
0.040892193308550186,0.968
0.04090601757944557,0.968
0.04091985120054109,0.968
0.040933694181326113,0.968
0.04094754653130288,0.968
0.04096140825998646,0.968
0.040975279376904844,0.968
0.04098915989159892,0.968
0.0410030498136225,0.968
0.04101694915254237,0.968
0.041030857917938285,0.968
0.041044776119402986,0.968
0.04105870376654225,0.968
0.04107264086897488,0.968
0.04108658743633277,0.968
0.04110054347826087,0.968
0.04111450900441726,0.968
0.041128484024473146,0.968
0.04114246854811289,0.968
0.04115646258503401,0.968
0.04117046614494726,0.968
0.04118447923757658,0.968
0.04119850187265917,0.968
0.0412125340599455,0.968
0.04122657580919932,0.968
0.04124062713019768,0.968
0.04125468803273099,0.968
0.041268758526603,0.968
0.04128283862163084,0.968
0.041296928327645054,0.968
0.04131102765448959,0.968
0.041325136612021855,0.968
0.041339255210112745,0.968
0.041353383458646614,0.968
0.041367521367521365,0.968
0.04138166894664843,0.968
0.041395826205952786,0.968
0.04140999315537303,0.968
0.04142416980486135,0.968
0.041438356164383565,0.968
0.04145255224391915,0.968
0.041466758053461276,0.968
0.0414809736030168,0.968
0.04149519890260631,0.968
0.04150943396226415,0.968
0.041523678792038436,0.968
0.04153793340199107,0.968
0.0415521978021978,0.968
0.0415664720027482,0.968
0.0415807560137457,0.968
0.041595049845307666,0.968
0.04160935350756534,0.968
0.04162366701066392,0.968
0.04163799036476256,0.968
0.04165232358003442,0.968
0.041666666666666664,0.968
0.04168101963486049,0.968
0.04169538249483115,0.968
0.041709755256808,0.968
0.04172413793103448,0.968
0.04173853052776819,0.968
0.04175293305728088,0.968
0.041767345529858474,0.968
0.0417817679558011,0.968
0.04179620034542314,0.968
0.041810642709053214,0.968
0.04182509505703422,0.968
0.04183955739972337,0.968
0.041854029747492215,0.968
0.04186851211072665,0.968
0.04188300449982693,0.968
0.04189750692520776,0.968
0.04191201939729823,0.968
0.041926541926541924,0.968
0.04194107452339688,0.968
0.04195561719833565,0.968
0.0419701699618453,0.968
0.04198473282442748,0.968
0.041999305796598406,0.968
0.04201388888888889,0.968
0.042028482111844394,0.968
0.04204308547602502,0.968
0.04205769899200556,0.968
0.04207232267037552,0.968
0.04208695652173913,0.968
0.04210160055671538,0.968
0.04211625478593804,0.968
0.04213091922005571,0.968
0.0421455938697318,0.968
0.0421602787456446,0.968
0.04217497385848728,0.968
0.04218967921896792,0.968
0.04220439483780956,0.968
0.042219120725750174,0.968
0.04223385689354276,0.968
0.04224860335195531,0.968
0.04226336011177087,0.968
0.04227812718378756,0.968
0.042292904578818596,0.968
0.04230769230769231,0.968
0.04232249038125219,0.968
0.042337298810356895,0.968
0.04235211760588029,0.968
0.04236694677871149,0.968
0.04238178633975482,0.968
0.04239663629992992,0.968
0.04241149667017175,0.968
0.042426367461430574,0.968
0.04244124868467204,0.968
0.04245614035087719,0.968
0.04247104247104247,0.968
0.042485955056179775,0.968
0.042500878117316475,0.968
0.04251581166549543,0.968
0.042530755711775045,0.968
0.04254571026722925,0.968
0.04256067534294759,0.968
0.04257565095003519,0.968
0.04259063709961281,0.968
0.0426056338028169,0.968
0.042620641070799575,0.968
0.04263565891472868,0.968
0.0426506873457878,0.968
0.04266572637517631,0.968
0.04268077601410935,0.968
0.04269583627381793,0.968
0.042710907165548886,0.968
0.042725988700564974,0.968
0.04274108089014483,0.968
0.042756183745583036,0.968
0.04277129727819017,0.968
0.042786421499292786,0.968
0.042801556420233464,0.968
0.04281670205237084,0.968
0.04283185840707965,0.968
0.04284702549575071,0.968
0.042862203329791,0.968
0.042523033309709427,0.96
0.042538107054236086,0.96
0.0425531914893617,0.96
0.04256828662646329,0.96
0.042583392476934,0.96
0.042598509052183174,0.96
0.04261363636363636,0.96
0.04262877442273535,0.96
0.042643923240938165,0.96
0.04265908282971916,0.96
0.04267425320056899,0.96
0.042689434364994665,0.96
0.042704626334519574,0.96
0.04271982912068352,0.96
0.042735042735042736,0.96
0.04275026718916993,0.96
0.042765502494654314,0.96
0.0427807486631016,0.96
0.042796005706134094,0.96
0.042811273635390654,0.96
0.042826552462526764,0.96
0.042841842199214566,0.96
0.04285714285714286,0.96
0.04287245444801715,0.96
0.04288777698355969,0.96
0.04290311047550947,0.96
0.04291845493562232,0.96
0.04293381037567084,0.96
0.04294917680744453,0.96
0.04296455424274973,0.96
0.04297994269340974,0.96
0.04299534217126478,0.96
0.043010752688172046,0.96
0.04302617425600574,0.96
0.043041606886657105,0.96
0.04305705059203445,0.96
0.043072505384063174,0.96
0.04308797127468582,0.96
0.04310344827586207,0.96
0.04311893639956881,0.96
0.043134435657800146,0.96
0.043149946062567425,0.96
0.04316546762589928,0.96
0.04318100035984167,0.96
0.04319654427645788,0.96
0.04321209938782859,0.96
0.043227665706051875,0.96
0.043243243243243246,0.96
0.043258832011535686,0.96
0.0432744320230797,0.96
0.04329004329004329,0.96
0.04330566582461205,0.96
0.04332129963898917,0.96
0.04333694474539545,0.96
0.04335260115606936,0.96
0.04336826888326708,0.96
0.04338394793926247,0.96
0.0433996383363472,0.96
0.04341534008683068,0.96
0.04343105320304017,0.96
0.04344677769732078,0.96
0.0434625135820355,0.96
0.043478260869565216,0.96
0.043494019572308806,0.96
0.043509789702683106,0.96
0.04352557127312296,0.96
0.04354136429608128,0.96
0.043557168784029036,0.96
0.04357298474945534,0.96
0.04358881220486742,0.96
0.0436046511627907,0.96
0.04362050163576881,0.96
0.04363636363636364,0.96
0.04365223717715533,0.96
0.043668122270742356,0.96
0.04368401892974154,0.96
0.043699927166788055,0.96
0.04371584699453552,0.96
0.043731778425655975,0.96
0.04374772147283996,0.96
0.0437636761487965,0.96
0.04377964246625319,0.96
0.043795620437956206,0.96
0.04381161007667032,0.96
0.04382761139517896,0.96
0.043843624406284254,0.96
0.043859649122807015,0.96
0.043875685557586835,0.96
0.043891733723482075,0.96
0.043907793633369926,0.96
0.043923865300146414,0.96
0.04393994873672647,0.96
0.04395604395604396,0.96
0.043972150971051664,0.96
0.04398826979472141,0.96
0.04400440044004401,0.96
0.04402054292002935,0.96
0.044036697247706424,0.96
0.04405286343612335,0.96
0.04406904149834741,0.96
0.0440852314474651,0.96
0.044101433296582136,0.96
0.04411764705882353,0.96
0.04413387274733358,0.96
0.04415011037527594,0.96
0.04416635995583364,0.96
0.044182621502209134,0.96
0.04419889502762431,0.96
0.04421518054532056,0.96
0.04423147806855879,0.96
0.04424778761061947,0.96
0.044264109184802655,0.96
0.04428044280442804,0.96
0.044296788482835,0.96
0.04431314623338257,0.96
0.04432951606944958,0.96
0.04434589800443459,0.96
0.04436229205175601,0.96
0.04437869822485207,0.96
0.04439511653718091,0.96
0.04441154700222058,0.96
0.044427989633469084,0.96
0.044444444444444446,0.96
0.0444609114486847,0.96
0.04447739065974796,0.96
0.04449388209121246,0.96
0.04451038575667656,0.96
0.04452690166975881,0.96
0.044543429844097995,0.96
0.04455997029335314,0.96
0.04457652303120357,0.96
0.044593088071348944,0.96
0.04460966542750929,0.96
0.044626255113425065,0.96
0.044642857142857144,0.96
0.0446594715295869,0.96
0.044676098287416234,0.96
0.0446927374301676,0.96
0.044709388971684055,0.96
0.0447260529258293,0.96
0.0447427293064877,0.96
0.04475941812756434,0.96
0.04477611940298507,0.96
0.04479283314669653,0.96
0.04480955937266617,0.96
0.04482629809488233,0.96
0.04484304932735426,0.96
0.044859813084112146,0.96
0.04487658937920718,0.96
0.04489337822671156,0.96
0.04491017964071856,0.96
0.04492699363534257,0.96
0.0449438202247191,0.96
0.04496065942300487,0.96
0.044977511244377814,0.96
0.04499437570303712,0.96
0.0450112528132033,0.96
0.0450281425891182,0.96
0.04504504504504504,0.96
0.045061960195268494,0.96
0.045078888054094664,0.96
0.04509582863585118,0.96
0.045112781954887216,0.96
0.04512974802557353,0.96
0.045146726862302484,0.96
0.04516371847948814,0.96
0.045180722891566265,0.96
0.04519774011299435,0.96
0.0452147701582517,0.96
0.04523181304183943,0.96
0.04524886877828054,0.96
0.04526593738211995,0.96
0.045283018867924525,0.96
0.045300113250283124,0.96
0.045317220543806644,0.96
0.04533434076312807,0.96
0.045351473922902494,0.96
0.045368620037807186,0.96
0.0453857791225416,0.96
0.04540295119182747,0.96
0.045420136260408785,0.96
0.045437334343051874,0.96
0.045454545454545456,0.96
0.045471769609700646,0.96
0.045489006823351025,0.96
0.04550625711035267,0.96
0.04552352048558422,0.96
0.04554079696394687,0.96
0.04555808656036447,0.96
0.04557538928978352,0.96
0.04559270516717325,0.96
0.04561003420752566,0.96
0.045627376425855515,0.96
0.045644731837200456,0.96
0.045662100456621,0.96
0.04567948229920061,0.96
0.0456968773800457,0.96
0.045714285714285714,0.96
0.04573170731707317,0.96
0.045749142203583684,0.96
0.04576659038901602,0.96
0.045784051888592144,0.96
0.04580152671755725,0.96
0.045819014891179836,0.96
0.04583651642475172,0.96
0.04585403133358808,0.96
0.045871559633027525,0.96
0.045889101338432124,0.96
0.045906656465187455,0.96
0.045924225028702644,0.96
0.045941807044410414,0.96
0.04595940252776714,0.96
0.04597701149425287,0.96
0.04599463395937141,0.96
0.046012269938650305,0.96
0.04602991944764097,0.96
0.04604758250191865,0.96
0.046065259117082535,0.96
0.04608294930875576,0.96
0.04610065309258548,0.96
0.04611837048424289,0.96
0.0461361014994233,0.96
0.046153846153846156,0.96
0.0461716044632551,0.96
0.046189376443418015,0.96
0.04620716211012707,0.96
0.046224961479198766,0.96
0.046242774566473986,0.96
0.04626060138781804,0.96
0.04627844195912071,0.96
0.046296296296296294,0.96
0.04631416441528367,0.96
0.04633204633204633,0.96
0.046349942062572425,0.96
0.04636785162287481,0.96
0.04638577502899111,0.96
0.04640371229698376,0.96
0.04642166344294004,0.96
0.04643962848297214,0.96
0.04645760743321719,0.96
0.046475600309837335,0.96
0.04649360712901976,0.96
0.046511627906976744,0.96
0.046529662659945716,0.96
0.04654771140418929,0.96
0.046565774155995346,0.96
0.046583850931677016,0.96
0.04660194174757282,0.96
0.046620046620046623,0.96
0.046638165565487756,0.96
0.04665629860031104,0.96
0.046674445740956826,0.96
0.04669260700389105,0.96
0.04671078240560529,0.96
0.04672897196261682,0.96
0.04674717569146864,0.96
0.04676539360872954,0.96
0.04678362573099415,0.96
0.046801872074883,0.96
0.046820132657042525,0.96
0.0468384074941452,0.96
0.0468566966028895,0.96
0.046875,0.96
0.04689331770222743,0.96
0.04691164972634871,0.96
0.046929996089166995,0.96
0.046948356807511735,0.96
0.046966731898238745,0.96
0.04698512137823023,0.96
0.04700352526439483,0.96
0.047021943573667714,0.96
0.047040376323010585,0.96
0.047058823529411764,0.96
0.04707728520988623,0.96
0.04709576138147567,0.96
0.04711425206124853,0.96
0.04713275726630008,0.96
0.047151277013752456,0.96
0.04716981132075472,0.96
0.047188360204482895,0.96
0.04720692368214005,0.96
0.047225501770956316,0.96
0.047244094488188976,0.96
0.04726270185112249,0.96
0.04728132387706856,0.96
0.047299960583366184,0.96
0.0473186119873817,0.96
0.047337278106508875,0.96
0.0473559589581689,0.96
0.0473746545598105,0.96
0.04739336492890995,0.96
0.047412090082971155,0.96
0.04743083003952569,0.96
0.04744958481613286,0.96
0.04746835443037975,0.96
0.04748713889988128,0.96
0.047505938242280284,0.96
0.047524752475247525,0.96
0.04754358161648178,0.96
0.04756242568370987,0.96
0.047581284694686754,0.96
0.04760015866719556,0.96
0.047619047619047616,0.96
0.04763795156808257,0.96
0.04765687053216839,0.96
0.04767580452920143,0.96
0.04769475357710652,0.96
0.04771371769383698,0.96
0.0477326968973747,0.96
0.0477516912057302,0.96
0.04777070063694268,0.96
0.04778972520908005,0.96
0.04780876494023904,0.96
0.047827819848545235,0.96
0.04784688995215311,0.96
0.04786597526924611,0.96
0.047885075818036714,0.96
0.04790419161676647,0.96
0.04792332268370607,0.96
0.04794246903715541,0.96
0.047961630695443645,0.96
0.04798080767692923,0.96
0.048,0.96
0.04801920768307323,0.96
0.04803843074459568,0.96
0.048057669203043656,0.96
0.04807692307692308,0.96
0.04809619238476954,0.96
0.048115477145148355,0.96
0.048134777376654635,0.96
0.048154093097913325,0.96
0.047771979124849456,0.952
0.04779116465863454,0.952
0.047810365608678185,0.952
0.04782958199356913,0.952
0.04784881383192602,0.952
0.047868061142397424,0.952
0.04788732394366197,0.952
0.04790660225442834,0.952
0.04792589609343536,0.952
0.04794520547945205,0.952
0.04796453043127771,0.952
0.04798387096774193,0.952
0.04800322710770472,0.952
0.0480225988700565,0.952
0.04804198627371821,0.952
0.048061389337641355,0.952
0.04808080808080808,0.952
0.048100242522231204,0.952
0.048119692680954305,0.952
0.04813915857605178,0.952
0.04815864022662889,0.952
0.04817813765182186,0.952
0.048197650870797894,0.952
0.048217179902755265,0.952
0.04823672476692339,0.952
0.048256285482562854,0.952
0.04827586206896552,0.952
0.048295454545454544,0.952
0.04831506293138449,0.952
0.04833468724614135,0.952
0.048354327509142626,0.952
0.048373983739837395,0.952
0.04839365595770639,0.952
0.048413344182262,0.952
0.04843304843304843,0.952
0.048452768729641695,0.952
0.048472505091649694,0.952
0.04849225753871231,0.952
0.048512026090501426,0.952
0.04853181076672104,0.952
0.0485516115871073,0.952
0.04857142857142857,0.952
0.048591261739485504,0.952
0.04861111111111111,0.952
0.04863097670617082,0.952
0.04865085854456255,0.952
0.04867075664621677,0.952
0.04869067103109656,0.952
0.04871060171919771,0.952
0.04873054873054873,0.952
0.04875051208521098,0.952
0.048770491803278686,0.952
0.04879048790487905,0.952
0.04881050041017227,0.952
0.04883052933935166,0.952
0.04885057471264368,0.952
0.04887063655030801,0.952
0.04889071487263763,0.952
0.048910809699958896,0.952
0.04893092105263158,0.952
0.04895104895104895,0.952
0.04897119341563786,0.952
0.04899135446685879,0.952
0.04901153212520593,0.952
0.04903172641120725,0.952
0.04905193734542457,0.952
0.04907216494845361,0.952
0.04909240924092409,0.952
0.049112670243499794,0.952
0.049132947976878616,0.952
0.049153242461792646,0.952
0.049173553719008264,0.952
0.04919388176932617,0.952
0.04921422663358147,0.952
0.049234588332643776,0.952
0.04925496688741722,0.952
0.04927536231884058,0.952
0.04929577464788732,0.952
0.04931620389556569,0.952
0.04933665008291874,0.952
0.04935711323102447,0.952
0.04937759336099585,0.952
0.0493980904939809,0.952
0.04941860465116279,0.952
0.04943913585375987,0.952
0.04945968412302577,0.952
0.04948024948024948,0.952
0.049500831946755405,0.952
0.049521431543903455,0.952
0.04954204829308909,0.952
0.04956268221574344,0.952
0.04958333333333333,0.952
0.049604001667361404,0.952
0.04962468723936614,0.952
0.04964539007092199,0.952
0.0496661101836394,0.952
0.049686847599164925,0.952
0.049707602339181284,0.952
0.04972837442540744,0.952
0.049749163879598664,0.952
0.049769970723546636,0.952
0.0497907949790795,0.952
0.04981163666806195,0.952
0.04983249581239531,0.952
0.04985337243401759,0.952
0.0498742665549036,0.952
0.04989517819706499,0.952
0.04991610738255033,0.952
0.049937054133445236,0.952
0.049958018471872374,0.952
0.0499790004199916,0.952
0.05,0.952
0.050021017234131986,0.952
0.05004205214465938,0.952
0.05006310475389146,0.952
0.050084175084175085,0.952
0.050105263157894736,0.952
0.05012636899747262,0.952
0.05014749262536873,0.952
0.050168634064080946,0.952
0.05018979333614509,0.952
0.05021097046413502,0.952
0.050232165470662726,0.952
0.05025337837837838,0.952
0.05027460920997043,0.952
0.05029585798816568,0.952
0.050317124735729385,0.952
0.050338409475465314,0.952
0.050359712230215826,0.952
0.05038103302286198,0.952
0.05040237187632359,0.952
0.050423728813559325,0.952
0.050445103857566766,0.952
0.05046649703138253,0.952
0.050487908358082305,0.952
0.05050933786078098,0.952
0.0505307855626327,0.952
0.05055225148683093,0.952
0.05057373565660858,0.952
0.050595238095238096,0.952
0.05061675882603148,0.952
0.05063829787234043,0.952
0.05065985525755641,0.952
0.05068143100511073,0.952
0.05070302513847465,0.952
0.050724637681159424,0.952
0.050746268656716415,0.952
0.0507679180887372,0.952
0.050789586000853607,0.952
0.05081127241673783,0.952
0.05083297736010252,0.952
0.050854700854700854,0.952
0.05087644292432664,0.952
0.05089820359281437,0.952
0.050919982884039365,0.952
0.05094178082191781,0.952
0.050963597430406855,0.952
0.05098543273350471,0.952
0.05100728675525075,0.952
0.05102915951972556,0.952
0.05105105105105105,0.952
0.051072961373390555,0.952
0.051094890510948905,0.952
0.05111683848797251,0.952
0.05113880532874946,0.952
0.05116079105760963,0.952
0.051182795698924734,0.952
0.05120481927710843,0.952
0.05122686181661645,0.952
0.0512489233419466,0.952
0.05127100387763895,0.952
0.05129310344827586,0.952
0.0513152220784821,0.952
0.05133735979292493,0.952
0.0513595166163142,0.952
0.051381692573402415,0.952
0.05140388768898488,0.952
0.05142610198789974,0.952
0.0514483354950281,0.952
0.051470588235294115,0.952
0.05149286023366508,0.952
0.051515151515151514,0.952
0.05153746210480727,0.952
0.05155979202772964,0.952
0.05158214130905939,0.952
0.05160450997398092,0.952
0.051626898047722344,0.952
0.05164930555555555,0.952
0.05167173252279635,0.952
0.051694178974804515,0.952
0.05171664493698392,0.952
0.05173913043478261,0.952
0.05176163549369291,0.952
0.05178416013925152,0.952
0.05180670439703962,0.952
0.051829268292682924,0.952
0.05185185185185185,0.952
0.05187445510026155,0.952
0.051897078063672046,0.952
0.051919720767888304,0.952
0.05194238323876037,0.952
0.051965065502183404,0.952
0.05198776758409786,0.952
0.05201048951048951,0.952
0.05203323130738959,0.952
0.05205599300087489,0.952
0.052078774617067836,0.952
0.0521015761821366,0.952
0.052124397722295226,0.952
0.05214723926380368,0.952
0.052170100832968,0.952
0.052192982456140354,0.952
0.05221588415971917,0.952
0.05223880597014925,0.952
0.052261747913921824,0.952
0.05228471001757469,0.952
0.052307692307692305,0.952
0.052330694810905895,0.952
0.052353717553893536,0.952
0.05237676056338028,0.952
0.05239982386613826,0.952
0.052422907488986786,0.952
0.05244601145879242,0.952
0.05246913580246913,0.952
0.05249228054697839,0.952
0.052515445719329215,0.952
0.052538631346578366,0.952
0.05256183745583039,0.952
0.052585064074237735,0.952
0.052608311229000886,0.952
0.05263157894736842,0.952
0.05265486725663717,0.952
0.05267817618415228,0.952
0.05270150575730735,0.952
0.052724856003544526,0.952
0.05274822695035461,0.952
0.05277161862527716,0.952
0.052795031055900624,0.952
0.052818464269862406,0.952
0.05284191829484902,0.952
0.05286539315859618,0.952
0.05288888888888889,0.952
0.052912405513561585,0.952
0.052935943060498224,0.952
0.0529595015576324,0.952
0.052983081032947466,0.952
0.053006681514476614,0.952
0.05303030303030303,0.952
0.053053945608559964,0.952
0.05307760927743087,0.952
0.05310129406514949,0.952
0.053125,0.952
0.0531487271103171,0.952
0.05317247542448615,0.952
0.053196244970943225,0.952
0.053220035778175315,0.952
0.053243847874720356,0.952
0.05326768128916741,0.952
0.05329153605015674,0.952
0.053315412186379925,0.952
0.053339309726580006,0.952
0.05336322869955157,0.952
0.05338716913414087,0.952
0.05341113105924596,0.952
0.05343511450381679,0.952
0.05345911949685535,0.952
0.05348314606741573,0.952
0.05350719424460432,0.952
0.053531264057579846,0.952
0.05355535553555356,0.952
0.053579468707789284,0.952
0.053603603603603604,0.952
0.05362776025236593,0.952
0.05365193868349865,0.952
0.05367613892647722,0.952
0.053700361010830325,0.952
0.053724604966139955,0.952
0.05374887082204156,0.952
0.05377315860822413,0.952
0.05379746835443038,0.952
0.053821800090456805,0.952
0.05384615384615385,0.952
0.05387052965142598,0.952
0.05389492753623189,0.952
0.053919347530584506,0.952
0.053943789664551225,0.952
0.05396825396825397,0.952
0.053992740471869326,0.952
0.05401724920562869,0.952
0.05404178019981835,0.952
0.05406633348477965,0.952
0.05409090909090909,0.952
0.05411550704865848,0.952
0.054140127388535034,0.952
0.0541647701411015,0.952
0.05418943533697632,0.952
0.05421412300683371,0.952
0.05423883318140383,0.952
0.05426356589147287,0.952
0.054288321167883215,0.952
0.054313099041533544,0.952
0.054337899543379,0.952
0.054362722704431245,0.952
0.054387568555758686,0.952
0.054412437128486514,0.952
0.05443732845379689,0.952
0.05446224256292906,0.952
0.05448717948717949,0.952
0.05451213925790197,0.952
0.05453712190650779,0.952
0.05456212746446584,0.952
0.054587155963302755,0.952
0.05461220743460303,0.952
0.05463728191000918,0.952
0.05466237942122187,0.952
0.0546875,0.952
0.05471264367816092,0.952
0.054737810487580495,0.952
0.05476300046019328,0.952
0.05478821362799263,0.952
0.05481345002303086,0.952
0.054838709677419356,0.952
0.05486399262332872,0.952
0.05488929889298893,0.952
0.05491462851868943,0.952
0.05493998153277932,0.952
0.05496535796766744,0.952
0.05499075785582255,0.952
0.05501618122977346,0.952
0.05504162812210916,0.952
0.05506709856547894,0.952
0.055092592592592596,0.952
0.05511811023622047,0.952
0.0551436515291937,0.952
0.05516921650440427,0.952
0.05519480519480519,0.952
0.05522041763341067,0.952
0.055246053853296194,0.952
0.055271713887598696,0.952
0.055297397769516726,0.952
0.055323105532310554,0.952
0.05534883720930232,0.952
0.05537459283387622,0.952
0.05540037243947858,0.952
0.055426176059618075,0.952
0.055452003727865795,0.952
0.05547785547785548,0.952
0.05550373134328358,0.952
0.055529631357909476,0.952
0.05555555555555555,0.952
0.05558150397010743,0.952
0.05560747663551402,0.952
0.055633473585787754,0.952
0.055659494855004675,0.952
0.05568554047730463,0.952
0.05571161048689138,0.952
0.05573770491803279,0.952
0.05576382380506092,0.952
0.055789967182372245,0.952
0.055816135084427766,0.952
0.05584232754575317,0.952
0.055868544600938964,0.952
0.055894786284640674,0.952
0.05592105263157895,0.952
0.05594734367653973,0.952
0.055973659454374415,0.952
0.056,0.952
0.05602636534839925,0.952
0.05605275553462082,0.952
0.056079170593779454,0.952
0.056105610561056105,0.952
0.056132075471698115,0.952
0.05615856536101935,0.952
0.056185080264400375,0.952
0.056211620217288615,0.952
0.05623818525519849,0.952
0.05626477541371158,0.952
0.056291390728476824,0.952
0.0563180312352106,0.952
0.05634469696969697,0.952
0.056371387967787775,0.952
0.05639810426540284,0.952
0.056424845898530106,0.952
0.056451612903225805,0.952
0.05647840531561462,0.952
0.056505223171889836,0.952
0.056532066508313536,0.952
0.05655893536121673,0.952
0.056585829766999524,0.952
0.056612749762131306,0.952
0.05663969538315088,0.952
0.05619047619047619,0.944
0.0562172463077656,0.944
0.05624404194470925,0.944
0.05627086313781593,0.944
0.05629770992366412,0.944
0.05632458233890215,0.944
0.05635148042024833,0.944
0.05637840420449116,0.944
0.05640535372848948,0.944
0.05643232902917265,0.944
0.05645933014354067,0.944
0.05648635710866443,0.944
0.05651340996168582,0.944
0.05654048873981792,0.944
0.05656759348034516,0.944
0.056594724220623505,0.944
0.05662188099808062,0.944
0.056649063850216036,0.944
0.056676272814601344,0.944
0.05670350792888035,0.944
0.05673076923076923,0.944
0.05675805675805676,0.944
0.05678537054860443,0.944
0.05681271064034665,0.944
0.05684007707129094,0.944
0.05686746987951807,0.944
0.05689488910318226,0.944
0.056922334780511334,0.944
0.05694980694980695,0.944
0.05697730564944471,0.944
0.057004830917874394,0.944
0.05703238279362011,0.944
0.05705996131528046,0.944
0.057087566521528785,0.944
0.057115198451113264,0.944
0.05714285714285714,0.944
0.05717054263565891,0.944
0.057198254968492485,0.944
0.05722599418040737,0.944
0.05725376031052887,0.944
0.05728155339805825,0.944
0.05730937348227295,0.944
0.057337220602526724,0.944
0.05736509479824988,0.944
0.057392996108949414,0.944
0.05742092457420925,0.944
0.05744888023369036,0.944
0.05747686312713103,0.944
0.057504873294346975,0.944
0.057532910775231594,0.944
0.0575609756097561,0.944
0.05758906783796974,0.944
0.0576171875,0.944
0.05764533463605276,0.944
0.05767350928641251,0.944
0.05770171149144254,0.944
0.057729941291585124,0.944
0.05775819872736172,0.944
0.05778648383937316,0.944
0.057814796668299855,0.944
0.05784313725490196,0.944
0.057381069151544874,0.936
0.05740922473012758,0.936
0.05743740795287187,0.936
0.057465618860510805,0.936
0.05749385749385749,0.936
0.05752212389380531,0.936
0.057550418101328084,0.936
0.05757874015748032,0.936
0.05760709010339734,0.936
0.05763546798029557,0.936
0.05766387382947265,0.936
0.057692307692307696,0.936
0.05722742969906265,0.928
0.05725567620927937,0.928
0.05728395061728395,0.928
0.05731225296442688,0.928
0.05734058329214039,0.928
0.057368941641938676,0.928
0.05739732805541811,0.928
0.05742574257425743,0.928
0.05745418524021793,0.928
0.057482656095143705,0.928
0.05751115518096182,0.928
0.057539682539682536,0.928
0.05756823821339951,0.928
0.05759682224428997,0.928
0.057625434674615006,0.928
0.05765407554671968,0.928
0.057682744903033316,0.928
0.05771144278606965,0.928
0.05774016923842708,0.928
0.05776892430278884,0.928
0.05779770802192327,0.928
0.05782652043868395,0.928
0.05785536159600998,0.928
0.05788423153692615,0.928
0.05791313030454318,0.928
0.057942057942057944,0.928
0.057971014492753624,0.928
0.058,0.928
0.058029014507253625,0.928
0.05805805805805806,0.928
0.05758637956935403,0.92
0.057615230460921846,0.92
0.05764411027568922,0.92
0.057673019057171516,0.92
0.0577019568489714,0.92
0.05773092369477912,0.92
0.057759919638372674,0.92
0.05778894472361809,0.92
0.057817998994469585,0.92
0.057847082494969816,0.92
0.05787619526925013,0.92
0.057905337361530716,0.92
0.05793450881612091,0.92
0.05796370967741935,0.92
0.05799293998991427,0.92
0.058022199798183655,0.92
0.05805148914689551,0.92
0.05808080808080808,0.92
0.05811015664477009,0.92
0.05813953488372093,0.92
0.058168942842690946,0.92
0.05819838056680162,0.92
0.05822784810126582,0.92
0.05825734549138804,0.92
0.05828687278256462,0.92
0.05831643002028398,0.92
0.058346017250126836,0.92
0.0583756345177665,0.92
0.05840528186896902,0.92
0.058434959349593495,0.92
0.058464667005592275,0.92
0.05849440488301119,0.92
0.058524173027989825,0.92
0.05855397148676171,0.92
0.058074375955170655,0.912
0.0581039755351682,0.912
0.05813360530341662,0.912
0.058163265306122446,0.912
0.05819295558958652,0.912
0.05822267620020429,0.912
0.05825242718446602,0.912
0.05828220858895705,0.912
0.058312020460358056,0.912
0.05834186284544524,0.912
0.05837173579109063,0.912
0.0584016393442623,0.912
0.0584315735520246,0.912
0.05846153846153846,0.912
0.05849153412006157,0.912
0.058521560574948665,0.912
0.05855161787365177,0.912
0.05858170606372045,0.912
0.05861182519280206,0.912
0.05864197530864197,0.912
0.05867215645908389,0.912
0.05870236869207003,0.912
0.05873261205564142,0.912
0.058762886597938144,0.912
0.058793192367199584,0.912
0.058823529411764705,0.912
0.05885389778007228,0.912
0.058884297520661155,0.912
0.05891472868217054,0.912
0.05894519131334023,0.912
0.058975685463010866,0.912
0.059006211180124224,0.912
0.059036768513723456,0.912
0.05906735751295337,0.912
0.05909797822706065,0.912
0.05912863070539419,0.912
0.059159314997405295,0.912
0.059190031152647975,0.912
0.05922077922077922,0.912
0.059251559251559255,0.912
0.059282371294851796,0.912
0.05931321540062435,0.912
0.059344091618948464,0.912
0.059375,0.912
0.0594059405940594,0.912
0.05943691345151199,0.912
0.0594679186228482,0.912
0.059498956158663886,0.912
0.05953002610966057,0.912
0.05956112852664577,0.912
0.059592263460533194,0.912
0.0596234309623431,0.912
0.059654631083202514,0.912
0.05968586387434555,0.912
0.059717129387113675,0.912
0.059748427672955975,0.912
0.05977975878342947,0.912
0.05981112277019937,0.912
0.05984251968503937,0.912
0.059873949579831935,0.912
0.05990541250656858,0.912
0.05993690851735016,0.912
0.05996843766438716,0.912
0.06,0.912
0.06003159557661927,0.912
0.06006322444678609,0.912
0.060094886663152346,0.912
0.060126582278481014,0.912
0.06015831134564644,0.912
0.06019007391763464,0.912
0.060221870047543584,0.912
0.06025369978858351,0.912
0.060285563194077206,0.912
0.06031746031746032,0.912
0.06034939121228163,0.912
0.06038135593220339,0.912
0.06041335453100159,0.912
0.060445387062566275,0.912
0.060477453580901855,0.912
0.06050955414012739,0.912
0.0605416887944769,0.912
0.06057385759829968,0.912
0.06060606060606061,0.912
0.06063829787234042,0.912
0.06067056945183608,0.912
0.06070287539936102,0.912
0.060735215769845495,0.912
0.060767590618336885,0.912
0.0608,0.912
0.060832443970117396,0.912
0.060864922584089695,0.912
0.060897435897435896,0.912
0.060929983965793695,0.912
0.06042780748663101,0.904
0.060460139111824504,0.904
0.06049250535331906,0.904
0.06052490626673808,0.904
0.060557341907824226,0.904
0.06058981233243968,0.904
0.06062231759656652,0.904
0.06065485775630703,0.904
0.06068743286788399,0.904
0.060720042987641054,0.904
0.06075268817204301,0.904
0.06078536847767617,0.904
0.06081808396124865,0.904
0.06085083467959074,0.904
0.06088362068965517,0.904
0.06091644204851752,0.904
0.06094929881337648,0.904
0.06098219104155424,0.904
0.06101511879049676,0.904
0.061048082117774176,0.904
0.06108108108108108,0.904
0.061114115738236885,0.904
0.061147186147186144,0.904
0.061180292365998916,0.904
0.06121343445287107,0.904
0.06124661246612466,0.904
0.061279826464208244,0.904
0.061313076505697235,0.904
0.061346362649294245,0.904
0.06137968495382944,0.904
0.06141304347826087,0.904
0.06144643828167482,0.904
0.06147986942328618,0.904
0.061513336962438755,0.904
0.061546840958605666,0.904
0.061580381471389646,0.904
0.061613958560523444,0.904
0.06164757228587016,0.904
0.06168122270742358,0.904
0.061714909885308575,0.904
0.06174863387978142,0.904
0.06178239475123018,0.904
0.06181619256017506,0.904
0.061850027367268745,0.904
0.061883899233296825,0.904
0.06191780821917808,0.904
0.06195175438596491,0.904
0.06198573779484366,0.904
0.062019758507135016,0.904
0.06205381658429435,0.904
0.06208791208791209,0.904
0.06212204507971413,0.904
0.06215621562156216,0.904
0.06219042377545404,0.904
0.06222466960352423,0.904
0.06225895316804408,0.904
0.06229327453142227,0.904
0.06232763375620518,0.904
0.06236203090507726,0.904
0.0623964660408614,0.904
0.062430939226519336,0.904
0.06246545052515202,0.904
0.0625,0.904
0.06253458771444383,0.904
0.06256921373200443,0.904
0.06260387811634349,0.904
0.06263858093126386,0.904
0.06267332224070993,0.904
0.06270810210876804,0.904
0.06274292059966685,0.904
0.06277777777777778,0.904
0.06281267370761534,0.904
0.06284760845383759,0.904
0.06288258208124652,0.904
0.06291759465478843,0.904
0.06295264623955432,0.904
0.06298773690078038,0.904
0.0630228667038483,0.904
0.06305803571428571,0.904
0.06309324399776661,0.904
0.06312849162011173,0.904
0.06316377864728899,0.904
0.06319910514541387,0.904
0.06323447118074986,0.904
0.06326987681970885,0.904
0.06330532212885154,0.904
0.0633408071748879,0.904
0.0633763320246775,0.904
0.06341189674523008,0.904
0.06344750140370578,0.904
0.06348314606741573,0.904
0.06351883080382237,0.904
0.06355455568053993,0.904
0.06359032076533483,0.904
0.06362612612612613,0.904
0.06366197183098592,0.904
0.0636978579481398,0.904
0.06373378454596729,0.904
0.06376975169300225,0.904
0.06380575945793338,0.904
0.06384180790960452,0.904
0.06387789711701526,0.904
0.06391402714932126,0.904
0.06395019807583475,0.904
0.06398640996602492,0.904
0.06402266288951841,0.904
0.06405895691609978,0.904
0.06409529211571185,0.904
0.0641316685584563,0.904
0.06416808631459398,0.904
0.06420454545454546,0.904
0.06424104604889141,0.904
0.06427758816837315,0.904
0.064314171883893,0.904
0.06435079726651481,0.904
0.06438746438746439,0.904
0.06442417331812998,0.904
0.06446092413006276,0.904
0.06449771689497717,0.904
0.06453455168475157,0.904
0.06457142857142857,0.904
0.06460834762721555,0.904
0.06464530892448513,0.904
0.06468231253577561,0.904
0.06471935853379153,0.904
0.06475644699140401,0.904
0.06479357798165138,0.904
0.06483075157773953,0.904
0.06486796785304248,0.904
0.06490522688110281,0.904
0.06494252873563218,0.904
0.06497987349051179,0.904
0.06501726121979287,0.904
0.06505469199769717,0.904
0.06509216589861751,0.904
0.06512968299711816,0.904
0.0651672433679354,0.904
0.06520484708597807,0.904
0.06524249422632794,0.904
0.06528018486424032,0.904
0.0653179190751445,0.904
0.0653556969346443,0.904
0.06539351851851852,0.904
0.06543138390272148,0.904
0.06546929316338354,0.904
0.0655072463768116,0.904
0.06554524361948956,0.904
0.06558328496807893,0.904
0.06562137049941928,0.904
0.06565950029052876,0.904
0.06569767441860465,0.904
0.06573589296102385,0.904
0.06577415599534342,0.904
0.06581246359930111,0.904
0.06585081585081586,0.904
0.06588921282798833,0.904
0.06592765460910152,0.904
0.06596614127262113,0.904
0.06600467289719626,0.904
0.06604324956165984,0.904
0.06608187134502924,0.904
0.06612053832650673,0.904
0.0661592505854801,0.904
0.06619800820152313,0.904
0.06623681125439625,0.904
0.06627565982404691,0.904
0.06631455399061033,0.904
0.06635349383440986,0.904
0.06639247943595769,0.904
0.06643151087595532,0.904
0.06647058823529411,0.904
0.06650971159505592,0.904
0.06654888103651355,0.904
0.06658809664113141,0.904
0.06662735849056604,0.904
0.06666666666666667,0.904
0.0667060212514758,0.904
0.06674542232722977,0.904
0.06678486997635934,0.904
0.06682436428149024,0.904
0.06686390532544378,0.904
0.06690349319123742,0.904
0.0669431279620853,0.904
0.06698280972139893,0.904
0.06702253855278767,0.904
0.06706231454005934,0.904
0.0671021377672209,0.904
0.06714200831847891,0.904
0.06718192627824018,0.904
0.06722189173111243,0.904
0.06726190476190476,0.904
0.06730196545562835,0.904
0.06734207389749702,0.904
0.06738223017292785,0.904
0.06742243436754176,0.904
0.06746268656716418,0.904
0.06750298685782556,0.904
0.06754333532576211,0.904
0.06758373205741627,0.904
0.06762417713943747,0.904
0.06766467065868263,0.904
0.0677052127022169,0.904
0.06774580335731414,0.904
0.06778644271145771,0.904
0.06782713085234093,0.904
0.06786786786786787,0.904
0.06790865384615384,0.904
0.06794948887552615,0.904
0.06799037304452467,0.904
0.06803130644190247,0.904
0.06807228915662651,0.904
0.06811332127787824,0.904
0.06815440289505428,0.904
0.06819553409776705,0.904
0.06823671497584541,0.904
0.06827794561933535,0.904
0.06831922611850061,0.904
0.06836055656382335,0.904
0.06840193704600485,0.904
0.06844336765596608,0.904
0.06848484848484848,0.904
0.06852637962401456,0.904
0.06856796116504854,0.904
0.06860959319975714,0.904
0.06865127582017011,0.904
0.06869300911854104,0.904
0.06873479318734793,0.904
0.06877662811929397,0.904
0.06881851400730817,0.904
0.06886045094454601,0.904
0.06890243902439025,0.904
0.06894447834045149,0.904
0.06898656898656899,0.904
0.06902871105681124,0.904
0.06907090464547677,0.904
0.0691131498470948,0.904
0.06915544675642595,0.904
0.06919779546846296,0.904
0.06924019607843138,0.904
0.06928264868179031,0.904
0.06932515337423313,0.904
0.06936771025168816,0.904
0.06941031941031942,0.904
0.06945298094652735,0.904
0.06949569495694957,0.904
0.06953846153846154,0.904
0.06958128078817734,0.904
0.0696241528034504,0.904
0.06966707768187423,0.904
0.06971005552128316,0.904
0.06975308641975309,0.904
0.06979617047560223,0.904
0.06983930778739184,0.904
0.06988249845392702,0.904
0.06992574257425743,0.904
0.06996904024767801,0.904
0.07001239157372986,0.904
0.07005579665220087,0.904
0.07009925558312655,0.904
0.07014276846679081,0.904
0.07018633540372671,0.904
0.07022995649471722,0.904
0.07027363184079602,0.904
0.07031736154324829,0.904
0.07036114570361146,0.904
0.07040498442367601,0.904
0.07044887780548628,0.904
0.07049282595134124,0.904
0.07053682896379526,0.904
0.06995627732667083,0.896
0.07,0.896
0.07004377736085053,0.896
0.07008760951188986,0.896
0.07013149655604257,0.896
0.07017543859649122,0.896
0.07021943573667712,0.896
0.07026348808030113,0.896
0.07030759573132454,0.896
0.07035175879396985,0.896
0.07039597737272156,0.896
0.07044025157232704,0.896
0.07048458149779736,0.896
0.07052896725440806,0.896
0.07057340894770006,0.896
0.07061790668348046,0.896
0.07066246056782334,0.896
0.0707070707070707,0.896
0.07075173720783323,0.896
0.07079646017699115,0.896
0.07084123972169513,0.896
0.07088607594936709,0.896
0.07093096896770108,0.896
0.07097591888466413,0.896
0.07102092580849714,0.896
0.07106598984771574,0.896
0.07111111111111111,0.896
0.07115628970775095,0.896
0.0712015257469803,0.896
0.07124681933842239,0.896
0.07129217059197963,0.896
0.07133757961783439,0.896
0.07138304652644997,0.896
0.07142857142857142,0.896
0.07147415443522655,0.896
0.07151979565772669,0.896
0.07156549520766774,0.896
0.07161125319693094,0.896
0.07165706973768395,0.896
0.07170294494238157,0.896
0.07174887892376682,0.896
0.07179487179487179,0.896
0.0718409236690186,0.896
0.07188703465982028,0.896
0.07193320488118175,0.896
0.07197943444730077,0.896
0.0720257234726688,0.896
0.07207207207207207,0.896
0.0721184803605924,0.896
0.07216494845360824,0.896
0.07221147646679561,0.896
0.07225806451612904,0.896
0.07230471271788251,0.896
0.07235142118863049,0.896
0.07239819004524888,0.896
0.0724450194049159,0.896
0.07249190938511327,0.896
0.07253886010362694,0.896
0.07258587167854828,0.896
0.07263294422827497,0.896
0.07268007787151201,0.896
0.07272727272727272,0.896
0.07277452891487979,0.896
0.07282184655396619,0.896
0.07286922576447626,0.896
0.07291666666666667,0.896
0.07296416938110749,0.896
0.07301173402868318,0.896
0.0730593607305936,0.896
0.0731070496083551,0.896
0.07315480078380143,0.896
0.07320261437908497,0.896
0.07325049051667756,0.896
0.07329842931937172,0.896
0.0733464309102816,0.896
0.07339449541284404,0.896
0.07344262295081967,0.896
0.07349081364829396,0.896
0.07353906762967827,0.896
0.0735873850197109,0.896
0.07363576594345825,0.896
0.07368421052631578,0.896
0.07373271889400922,0.896
0.07378129117259552,0.896
0.07382992748846408,0.896
0.07387862796833773,0.896
0.07392739273927393,0.896
0.07397622192866579,0.896
0.07402511566424323,0.896
0.07407407407407407,0.896
0.07412309728656519,0.896
0.07417218543046358,0.896
0.07422133863485753,0.896
0.07427055702917772,0.896
0.0743198407431984,0.896
0.07436918990703852,0.896
0.07441860465116279,0.896
0.07446808510638298,0.896
0.07451763140385895,0.896
0.07456724367509987,0.896
0.07461692205196535,0.896
0.07466666666666667,0.896
0.07471647765176785,0.896
0.07476635514018691,0.896
0.07481629926519706,0.896
0.0748663101604278,0.896
0.07491638795986622,0.896
0.0749665327978581,0.896
0.07501674480910918,0.896
0.07506702412868632,0.896
0.07511737089201878,0.896
0.07516778523489932,0.896
0.07521826729348556,0.896
0.07526881720430108,0.896
0.07531943510423672,0.896
0.07537012113055182,0.896
0.07542087542087542,0.896
0.07547169811320754,0.896
0.07552258934592043,0.896
0.07557354925775979,0.896
0.07562457798784605,0.896
0.07567567567567568,0.896
0.07572684246112238,0.896
0.07577807848443843,0.896
0.07582938388625593,0.896
0.07588075880758807,0.896
0.0759322033898305,0.896
0.07598371777476255,0.896
0.07603530210454854,0.896
0.07608695652173914,0.896
0.07613868116927261,0.896
0.07551020408163266,0.888
0.07556160653505786,0.888
0.07561307901907358,0.888
0.07566462167689161,0.888
0.07571623465211459,0.888
0.0757679180887372,0.888
0.07581967213114754,0.888
0.0758714969241285,0.888
0.0759233926128591,0.888
0.07597535934291581,0.888
0.07602739726027398,0.888
0.07607950651130911,0.888
0.07613168724279835,0.888
0.07618393960192175,0.888
0.07623626373626374,0.888
0.07628865979381444,0.888
0.07634112792297111,0.888
0.07639366827253957,0.888
0.07644628099173553,0.888
0.07649896623018608,0.888
0.07655172413793103,0.888
0.07660455486542443,0.888
0.07665745856353591,0.888
0.07671043538355218,0.888
0.07676348547717843,0.888
0.07681660899653979,0.888
0.07686980609418283,0.888
0.07692307692307693,0.888
0.0769764216366158,0.888
0.07702984038861901,0.888
0.07708333333333334,0.888
0.07713690062543432,0.888
0.07719054242002782,0.888
0.07724425887265135,0.888
0.07729805013927576,0.888
0.07735191637630662,0.888
0.07740585774058577,0.888
0.07745987438939288,0.888
0.07751396648044692,0.888
0.07756813417190776,0.888
0.07762237762237763,0.888
0.07767669699090272,0.888
0.07773109243697479,0.888
0.07778556412053259,0.888
0.07784011220196353,0.888
0.07789473684210527,0.888
0.07794943820224719,0.888
0.07800421644413212,0.888
0.07805907172995781,0.888
0.0781140042223786,0.888
0.07816901408450705,0.888
0.07822410147991543,0.888
0.07827926657263752,0.888
0.07833450952717008,0.888
0.07838983050847458,0.888
0.0784452296819788,0.888
0.0785007072135785,0.888
0.07855626326963906,0.888
0.07861189801699717,0.888
0.07866761162296244,0.888
0.07872340425531915,0.888
0.07877927608232789,0.888
0.07883522727272728,0.888
0.07889125799573561,0.888
0.07894736842105263,0.888
0.07900355871886121,0.888
0.07905982905982906,0.888
0.07911617961511047,0.888
0.07917261055634807,0.888
0.07922912205567452,0.888
0.07928571428571428,0.888
0.07934238741958542,0.888
0.07939914163090128,0.888
0.07945597709377238,0.888
0.07951289398280802,0.888
0.07956989247311828,0.888
0.07962697274031563,0.888
0.07968413496051686,0.888
0.07974137931034483,0.888
0.07979870596693027,0.888
0.07985611510791367,0.888
0.07991360691144708,0.888
0.07997118155619597,0.888
0.08002883922134102,0.888
0.08008658008658008,0.888
0.08014440433212996,0.888
0.08020231213872832,0.888
0.08026030368763558,0.888
0.08031837916063676,0.888
0.08037653874004344,0.888
0.08043478260869565,0.888
0.08049311094996374,0.888
0.08055152394775036,0.888
0.08061002178649238,0.888
0.0806686046511628,0.888
0.08072727272727273,0.888
0.08078602620087336,0.888
0.08011653313911143,0.88
0.08017492711370262,0.88
0.08023340627279359,0.88
0.08029197080291971,0.88
0.08035062089116143,0.88
0.0804093567251462,0.88
0.08046817849305048,0.88
0.08052708638360176,0.88
0.08058608058608059,0.88
0.08064516129032258,0.88
0.08070432868672046,0.88
0.08076358296622614,0.88
0.08082292432035268,0.88
0.08088235294117647,0.88
0.08094186902133922,0.88
0.08100147275405008,0.88
0.08106116433308769,0.88
0.08112094395280237,0.88
0.08118081180811808,0.88
0.08124076809453472,0.88
0.08130081300813008,0.88
0.08136094674556213,0.88
0.08142116950407106,0.88
0.08148148148148149,0.88
0.08154188287620459,0.88
0.08160237388724036,0.88
0.08166295471417966,0.88
0.08172362555720654,0.88
0.08178438661710037,0.88
0.0818452380952381,0.88
0.08190618019359643,0.88
0.08196721311475409,0.88
0.08202833706189411,0.88
0.08208955223880597,0.88
0.08215085884988797,0.88
0.08221225710014948,0.88
0.08227374719521316,0.88
0.08233532934131736,0.88
0.08239700374531835,0.88
0.08245877061469266,0.88
0.08252063015753938,0.88
0.08258258258258258,0.88
0.08264462809917356,0.88
0.08270676691729323,0.88
0.08276899924755456,0.88
0.08283132530120482,0.88
0.0828937452901281,0.88
0.08295625942684766,0.88
0.0830188679245283,0.88
0.08308157099697885,0.88
0.08314436885865457,0.88
0.0832072617246596,0.88
0.08251324753974262,0.872
0.08257575757575758,0.872
0.08263836239575435,0.872
0.082701062215478,0.872
0.08276385725132877,0.872
0.08282674772036475,0.872
0.08288973384030418,0.872
0.08295281582952815,0.872
0.08301599390708302,0.872
0.08307926829268293,0.872
0.08314263920671243,0.872
0.083206106870229,0.872
0.08326967150496563,0.872
0.08333333333333333,0.872
0.08339709257842387,0.872
0.08346094946401225,0.872
0.08352490421455938,0.872
0.08358895705521473,0.872
0.08365310821181889,0.872
0.0837173579109063,0.872
0.08378170637970792,0.872
0.08384615384615385,0.872
0.08391070053887606,0.872
0.0839753466872111,0.872
0.08404009252120277,0.872
0.08410493827160494,0.872
0.08416988416988418,0.872
0.08423493044822257,0.872
0.0843000773395205,0.872
0.08436532507739938,0.872
0.0844306738962045,0.872
0.08449612403100776,0.872
0.08456167571761056,0.872
0.08462732919254658,0.872
0.08469308469308469,0.872
0.08475894245723173,0.872
0.08482490272373541,0.872
0.08489096573208722,0.872
0.08495713172252534,0.872
0.08502340093603744,0.872
0.08508977361436378,0.872
0.08515625,0.872
0.08522283033620015,0.872
0.08528951486697965,0.872
0.08535630383711824,0.872
0.08542319749216301,0.872
0.08549019607843138,0.872
0.08555729984301413,0.872
0.08562450903377848,0.872
0.08569182389937106,0.872
0.08575924468922108,0.872
0.08582677165354331,0.872
0.08589440504334121,0.872
0.0859621451104101,0.872
0.08602999210734018,0.872
0.08609794628751975,0.872
0.08616600790513834,0.872
0.08623417721518987,0.872
0.08630245447347586,0.872
0.08637083993660856,0.872
0.08643933386201427,0.872
0.0865079365079365,0.872
0.08657664813343924,0.872
0.08664546899841018,0.872
0.08671439936356404,0.872
0.08678343949044585,0.872
0.08685258964143426,0.872
0.08692185007974482,0.872
0.08699122106943336,0.872
0.08706070287539937,0.872
0.08713029576338929,0.872
0.0872,0.872
0.08726981585268215,0.872
0.08733974358974358,0.872
0.08740978348035285,0.872
0.08747993579454254,0.872
0.08755020080321285,0.872
0.08762057877813505,0.872
0.08769106999195495,0.872
0.08776167471819646,0.872
0.08783239323126511,0.872
0.08790322580645162,0.872
0.08797417271993543,0.872
0.08804523424878836,0.872
0.08811641067097817,0.872
0.08818770226537216,0.872
0.08825910931174089,0.872
0.08833063209076175,0.872
0.08840227088402271,0.872
0.08847402597402597,0.872
0.08854589764419171,0.872
0.0886178861788618,0.872
0.0886899918633035,0.872
0.08876221498371335,0.872
0.08883455582722087,0.872
0.08890701468189233,0.872
0.08897959183673469,0.872
0.08905228758169935,0.872
0.08912510220768602,0.872
0.08919803600654665,0.872
0.08927108927108927,0.872
0.08934426229508197,0.872
0.08941755537325677,0.872
0.08949096880131363,0.872
0.0895645028759244,0.872
0.08963815789473684,0.872
0.0897119341563786,0.872
0.08978583196046129,0.872
0.0898598516075845,0.872
0.08993399339933994,0.872
0.09000825763831544,0.872
0.09008264462809917,0.872
0.09015715467328371,0.872
0.0902317880794702,0.872
0.09030654515327258,0.872
0.09038142620232173,0.872
0.08962655601659751,0.864
0.08970099667774087,0.864
0.08977556109725686,0.864
0.08985024958402663,0.864
0.08992506244796003,0.864
0.09,0.864
0.09007506255212677,0.864
0.08931552587646077,0.856
0.08939014202172096,0.856
0.08946488294314381,0.856
0.0895397489539749,0.856
0.08961474036850921,0.856
0.08968985750209556,0.856
0.08976510067114093,0.856
0.08984047019311503,0.856
0.08991596638655462,0.856
0.08999158957106812,0.856
0.09006734006734007,0.856
0.09014321819713564,0.856
0.09021922428330523,0.856
0.09029535864978903,0.856
0.09037162162162163,0.856
0.0904480135249366,0.856
0.09052453468697123,0.856
0.09060118543607112,0.856
0.09067796610169492,0.856
0.090754877014419,0.856
0.09083191850594227,0.856
0.09090909090909091,0.856
0.09098639455782313,0.856
0.09106382978723404,0.856
0.09114139693356048,0.856
0.09121909633418585,0.856
0.09129692832764505,0.856
0.09137489325362938,0.856
0.09145299145299145,0.856
0.09153122326775022,0.856
0.0916095890410959,0.856
0.09168808911739502,0.856
0.09176672384219554,0.856
0.09184549356223176,0.856
0.09192439862542956,0.856
0.09200343938091143,0.856
0.09208261617900172,0.856
0.0921619293712317,0.856
0.09224137931034483,0.856
0.09232096635030199,0.856
0.0924006908462867,0.856
0.09248055315471046,0.856
0.092560553633218,0.856
0.09264069264069263,0.856
0.0927209705372617,0.856
0.09280138768430182,0.856
0.09288194444444445,0.856
0.09296264118158123,0.856
0.09304347826086956,0.856
0.09312445604873804,0.856
0.09320557491289198,0.856
0.09328683522231909,0.856
0.09336823734729494,0.856
0.09344978165938865,0.856
0.09353146853146853,0.856
0.09361329833770779,0.856
0.09369527145359019,0.856
0.09377738825591586,0.856
0.09385964912280702,0.856
0.09394205443371378,0.856
0.09402460456942004,0.856
0.09410729991204925,0.856
0.09419014084507042,0.856
0.09427312775330396,0.856
0.09435626102292768,0.856
0.09355692850838482,0.848
0.09363957597173145,0.848
0.09372236958443855,0.848
0.09380530973451327,0.848
0.09388839681133747,0.848
0.09397163120567376,0.848
0.0940550133096717,0.848
0.0941385435168739,0.848
0.09422222222222222,0.848
0.09430604982206406,0.848
0.0943900267141585,0.848
0.0944741532976827,0.848
0.09455842997323818,0.848
0.09464285714285714,0.848
0.09472743521000894,0.848
0.09481216457960644,0.848
0.09489704565801253,0.848
0.09498207885304659,0.848
0.09506726457399103,0.848
0.09515260323159784,0.848
0.09523809523809523,0.848
0.09532374100719425,0.848
0.09540954095409541,0.848
0.09549549549549549,0.848
0.09558160504959423,0.848
0.09566787003610108,0.848
0.0957542908762421,0.848
0.09584086799276673,0.848
0.09592760180995476,0.848
0.09601449275362318,0.848
0.09610154125113328,0.848
0.09618874773139746,0.848
0.09627611262488647,0.848
0.09636363636363636,0.848
0.09645131938125569,0.848
0.0965391621129326,0.848
0.09662716499544212,0.848
0.09671532846715329,0.848
0.09680365296803653,0.848
0.09689213893967093,0.848
0.0969807868252516,0.848
0.09706959706959707,0.848
0.09715857011915674,0.848
0.09724770642201835,0.848
0.09733700642791551,0.848
0.0974264705882353,0.848
0.09751609935602576,0.848
0.09760589318600368,0.848
0.09769585253456221,0.848
0.09778597785977859,0.848
0.09787626962142197,0.848
0.09796672828096119,0.848
0.09805735430157261,0.848
0.09814814814814815,0.848
0.09823911028730306,0.848
0.09833024118738404,0.848
0.09842154131847725,0.848
0.09851301115241635,0.848
0.0986046511627907,0.848
0.09869646182495345,0.848
0.09878844361602983,0.848
0.09888059701492537,0.848
0.09897292250233426,0.848
0.09906542056074766,0.848
0.09915809167446211,0.848
0.09925093632958802,0.848
0.09934395501405811,0.848
0.09943714821763602,0.848
0.09953051643192488,0.848
0.09962406015037593,0.848
0.09971777986829727,0.848
0.09887005649717515,0.84
0.09896324222431668,0.84
0.09905660377358491,0.84
0.09915014164305949,0.84
0.09924385633270322,0.84
0.09933774834437085,0.84
0.09943181818181818,0.84
0.0995260663507109,0.84
0.09962049335863378,0.84
0.09971509971509972,0.84
0.09980988593155894,0.84
0.09990485252140818,0.84
0.1,0.84
0.10009532888465204,0.84
0.10019083969465649,0.84
0.10028653295128939,0.84
0.10038240917782026,0.84
0.10047846889952153,0.84
0.10057471264367816,0.84
0.10067114093959731,0.84
0.10076775431861804,0.84
0.10086455331412104,0.84
0.10096153846153846,0.84
0.10105871029836382,0.84
0.10115606936416185,0.84
0.10125361620057859,0.84
0.10135135135135136,0.84
0.10144927536231885,0.84
0.10154738878143134,0.84
0.10164569215876089,0.84
0.10174418604651163,0.84
0.10184287099903007,0.84
0.10194174757281553,0.84
0.10204081632653061,0.84
0.10214007782101167,0.84
0.10223953261927946,0.84
0.1023391812865497,0.84
0.1024390243902439,0.84
0.1025390625,0.84
0.10263929618768329,0.84
0.10273972602739725,0.84
0.10284035259549461,0.84
0.10294117647058823,0.84
0.10304219823356231,0.84
0.1031434184675835,0.84
0.10324483775811209,0.84
0.10334645669291338,0.84
0.10344827586206896,0.84
0.10355029585798817,0.84
0.10365251727541955,0.84
0.10375494071146245,0.84
0.10385756676557864,0.84
0.10396039603960396,0.84
0.10406342913776016,0.84
0.10416666666666667,0.84
0.10427010923535253,0.84
0.10437375745526839,0.84
0.1044776119402985,0.84
0.10458167330677291,0.84
0.10468594217347957,0.84
0.10479041916167664,0.84
0.1048951048951049,0.84
0.105,0.84
0.10510510510510511,0.84
0.10521042084168336,0.84
0.10531594784353059,0.84
0.10542168674698796,0.84
0.10552763819095477,0.84
0.1056338028169014,0.84
0.10574018126888217,0.84
0.10584677419354839,0.84
0.10595358224016145,0.84
0.10606060606060606,0.84
0.10616784630940344,0.84
0.1062753036437247,0.84
0.10638297872340426,0.84
0.10649087221095335,0.84
0.1065989847715736,0.84
0.10670731707317073,0.84
0.10681586978636826,0.84
0.10692464358452139,0.84
0.10703363914373089,0.84
0.10714285714285714,0.84
0.10725229826353422,0.84
0.10736196319018405,0.84
0.10747185261003071,0.84
0.10758196721311475,0.84
0.1076923076923077,0.84
0.10780287474332649,0.84
0.1079136690647482,0.84
0.10802469135802469,0.84
0.10813594232749743,0.84
0.10824742268041238,0.84
0.10835913312693499,0.84
0.10847107438016529,0.84
0.10858324715615306,0.84
0.10869565217391304,0.84
0.10880829015544041,0.84
0.10892116182572614,0.84
0.10903426791277258,0.84
0.10914760914760915,0.84
0.10926118626430802,0.84
0.109375,0.84
0.10948905109489052,0.84
0.10960334029227557,0.84
0.109717868338558,0.84
0.1098326359832636,0.84
0.1099476439790576,0.84
0.11006289308176101,0.84
0.11017838405036726,0.84
0.11029411764705882,0.84
0.11041009463722397,0.84
0.11052631578947368,0.84
0.1095890410958904,0.832
0.10970464135021098,0.832
0.10982048574445617,0.832
0.10993657505285412,0.832
0.11005291005291006,0.832
0.11016949152542373,0.832
0.1102863202545069,0.832
0.11040339702760085,0.832
0.11052072263549416,0.832
0.11063829787234042,0.832
0.11075612353567625,0.832
0.11087420042643924,0.832
0.11099252934898612,0.832
0.1111111111111111,0.832
0.11122994652406418,0.832
0.11134903640256959,0.832
0.11146838156484459,0.832
0.11158798283261803,0.832
0.11170784103114931,0.832
0.11182795698924732,0.832
0.11194833153928956,0.832
0.11206896551724138,0.832
0.1121898597626753,0.832
0.11231101511879049,0.832
0.11243243243243244,0.832
0.11255411255411256,0.832
0.11267605633802817,0.832
0.11279826464208242,0.832
0.11292073832790445,0.832
0.11304347826086956,0.832
0.11316648531011969,0.832
0.11328976034858387,0.832
0.1134133042529989,0.832
0.11353711790393013,0.832
0.11366120218579236,0.832
0.1137855579868709,0.832
0.11391018619934283,0.832
0.11403508771929824,0.832
0.1141602634467618,0.832
0.11428571428571428,0.832
0.11441144114411442,0.832
0.1145374449339207,0.832
0.11466372657111357,0.832
0.11479028697571744,0.832
0.11491712707182321,0.832
0.11504424778761062,0.832
0.11517165005537099,0.832
0.11529933481152993,0.832
0.11542730299667037,0.832
0.11555555555555555,0.832
0.11568409343715239,0.832
0.11581291759465479,0.832
0.11594202898550725,0.832
0.11607142857142858,0.832
0.11620111731843576,0.832
0.116331096196868,0.832
0.11646136618141098,0.832
0.11659192825112108,0.832
0.11672278338945005,0.832
0.11685393258426967,0.832
0.11698537682789652,0.832
0.11711711711711711,0.832
0.11724915445321307,0.832
0.11738148984198646,0.832
0.11751412429378531,0.832
0.11764705882352941,0.832
0.11778029445073612,0.832
0.11791383219954649,0.832
0.11804767309875142,0.832
0.11818181818181818,0.832
0.11831626848691695,0.832
0.11845102505694761,0.832
0.11858608893956671,0.832
0.1187214611872146,0.832
0.11885714285714286,0.832
0.11899313501144165,0.832
0.11912943871706758,0.832
0.11926605504587157,0.832
0.11940298507462686,0.832
0.11954022988505747,0.832
0.11967779056386652,0.832
0.11981566820276497,0.832
0.11995386389850057,0.832
0.12009237875288684,0.832
0.12023121387283237,0.832
0.12037037037037036,0.832
0.1205098493626883,0.832
0.12064965197215777,0.832
0.1207897793263647,0.832
0.12093023255813953,0.832
0.1210710128055879,0.832
0.12121212121212122,0.832
0.12135355892648775,0.832
0.12149532710280374,0.832
0.1216374269005848,0.832
0.12177985948477751,0.832
0.12192262602579132,0.832
0.12206572769953052,0.832
0.12220916568742655,0.832
0.1223529411764706,0.832
0.12249705535924617,0.832
0.12264150943396226,0.832
0.12278630460448642,0.832
0.12293144208037825,0.832
0.12307692307692308,0.832
0.12322274881516587,0.832
0.12336892052194544,0.832
0.12351543942992874,0.832
0.12366230677764566,0.832
0.12380952380952381,0.832
0.12395709177592372,0.832
0.12410501193317422,0.832
0.12425328554360812,0.832
0.12440191387559808,0.832
0.12455089820359282,0.832
0.12470023980815348,0.832
0.12484993997599039,0.832
0.125,0.832
0.12515042117930206,0.832
0.12530120481927712,0.832
0.12545235223160434,0.832
0.12560386473429952,0.832
0.12575574365175332,0.832
0.12590799031476999,0.832
0.12606060606060607,0.832
0.1262135922330097,0.832
0.12636695018226002,0.832
0.12652068126520682,0.832
0.12667478684531058,0.832
0.12682926829268293,0.832
0.12698412698412698,0.832
0.1271393643031785,0.832
0.12729498164014688,0.832
0.12745098039215685,0.832
0.1276073619631902,0.832
0.12776412776412777,0.832
0.12792127921279212,0.832
0.12807881773399016,0.832
0.1282367447595561,0.832
0.12839506172839507,0.832
0.12855377008652658,0.832
0.12871287128712872,0.832
0.1288723667905824,0.832
0.12903225806451613,0.832
0.12919254658385093,0.832
0.12935323383084577,0.832
0.1295143212951432,0.832
0.12967581047381546,0.832
0.12983770287141075,0.832
0.13,0.832
0.13016270337922403,0.832
0.13032581453634084,0.832
0.13048933500627352,0.832
0.1306532663316583,0.832
0.13081761006289308,0.832
0.1309823677581864,0.832
0.13114754098360656,0.832
0.13131313131313133,0.832
0.13147914032869784,0.832
0.13164556962025317,0.832
0.13181242078580482,0.832
0.1319796954314721,0.832
0.13214739517153748,0.832
0.13231552162849872,0.832
0.13248407643312102,0.832
0.1326530612244898,0.832
0.13282247765006386,0.832
0.1329923273657289,0.832
0.13316261203585147,0.832
0.13333333333333333,0.832
0.13350449293966624,0.832
0.13367609254498714,0.832
0.13384813384813385,0.832
0.13402061855670103,0.832
0.13419354838709677,0.832
0.1343669250645995,0.832
0.13454075032341525,0.832
0.13471502590673576,0.832
0.13488975356679636,0.832
0.13506493506493505,0.832
0.1352405721716515,0.832
0.13541666666666666,0.832
0.13559322033898305,0.832
0.13577023498694518,0.832
0.13594771241830064,0.832
0.13612565445026178,0.832
0.1363040629095675,0.832
0.13648293963254593,0.832
0.1366622864651774,0.832
0.1368421052631579,0.832
0.1370223978919631,0.832
0.13720316622691292,0.832
0.13738441215323646,0.832
0.13756613756613756,0.832
0.13774834437086092,0.832
0.13793103448275862,0.832
0.13811420982735723,0.832
0.13829787234042554,0.832
0.1384820239680426,0.832
0.13866666666666666,0.832
0.13885180240320427,0.832
0.13903743315508021,0.832
0.1392235609103079,0.832
0.13941018766756033,0.832
0.1395973154362416,0.832
0.13978494623655913,0.832
0.13997308209959622,0.832
0.14016172506738545,0.832
0.14035087719298245,0.832
0.14054054054054055,0.832
0.14073071718538566,0.832
0.14092140921409213,0.832
0.14111261872455902,0.832
0.14130434782608695,0.832
0.1414965986394558,0.832
0.14168937329700274,0.832
0.14188267394270124,0.832
0.14207650273224043,0.832
0.14227086183310533,0.832
0.14246575342465753,0.832
0.14266117969821673,0.832
0.14285714285714285,0.832
0.14305364511691884,0.832
0.14325068870523416,0.832
0.14344827586206896,0.832
0.143646408839779,0.832
0.14384508990318118,0.832
0.1440443213296399,0.832
0.14424410540915394,0.832
0.14444444444444443,0.832
0.14464534075104313,0.832
0.14484679665738162,0.832
0.14504881450488144,0.832
0.1452513966480447,0.832
0.14545454545454545,0.832
0.14565826330532214,0.832
0.1458625525946704,0.832
0.14606741573033707,0.832
0.14627285513361463,0.832
0.14647887323943662,0.832
0.1466854724964739,0.832
0.14689265536723164,0.832
0.1471004243281471,0.832
0.14730878186968838,0.832
0.1475177304964539,0.832
0.14772727272727273,0.832
0.14793741109530584,0.832
0.14814814814814814,0.832
0.14835948644793154,0.832
0.14857142857142858,0.832
0.14878397711015737,0.832
0.1489971346704871,0.832
0.1492109038737446,0.832
0.14942528735632185,0.832
0.14964028776978416,0.832
0.14985590778097982,0.832
0.15007215007215008,0.832
0.15028901734104047,0.832
0.15050651230101303,0.832
0.15072463768115943,0.832
0.1509433962264151,0.832
0.1511627906976744,0.832
0.15138282387190685,0.832
0.15160349854227406,0.832
0.15182481751824817,0.832
0.15204678362573099,0.832
0.15226939970717424,0.832
0.15249266862170088,0.832
0.1527165932452276,0.832
0.15294117647058825,0.832
0.15169366715758467,0.824
0.15191740412979352,0.824
0.15214180206794684,0.824
0.15236686390532544,0.824
0.15259259259259259,0.824
0.15281899109792285,0.824
0.15304606240713226,0.824
0.15327380952380953,0.824
0.15350223546944858,0.824
0.1537313432835821,0.824
0.15396113602391628,0.824
0.15269461077844312,0.816
0.15292353823088456,0.816
0.15315315315315314,0.816
0.15338345864661654,0.816
0.1536144578313253,0.816
0.15384615384615385,0.816
0.1540785498489426,0.816
0.15431164901664146,0.816
0.15454545454545454,0.816
0.15477996965098634,0.816
0.15501519756838905,0.816
0.1552511415525114,0.816
0.15548780487804878,0.816
0.15572519083969466,0.816
0.1559633027522936,0.816
0.1562021439509954,0.816
0.15644171779141106,0.816
0.15668202764976957,0.816
0.15692307692307692,0.816
0.15716486902927582,0.816
0.1574074074074074,0.816
0.15765069551777433,0.816
0.15789473684210525,0.816
0.15813953488372093,0.816
0.15838509316770186,0.816
0.15863141524105753,0.816
0.1588785046728972,0.816
0.15912636505460218,0.816
0.159375,0.816
0.1596244131455399,0.816
0.15830721003134796,0.808
0.15855572998430142,0.808
0.15880503144654087,0.808
0.15905511811023623,0.808
0.15930599369085174,0.808
0.15955766192733017,0.808
0.15981012658227847,0.808
0.1600633914421553,0.808
0.16031746031746033,0.808
0.16057233704292528,0.808
0.160828025477707,0.808
0.16108452950558214,0.808
0.16134185303514376,0.808
0.1616,0.808
0.16185897435897437,0.808
0.16211878009630817,0.808
0.16237942122186494,0.808
0.16264090177133655,0.808
0.1629032258064516,0.808
0.1631663974151858,0.808
0.1634304207119741,0.808
0.16369529983792544,0.808
0.16396103896103897,0.808
0.16422764227642275,0.808
0.16449511400651465,0.808
0.16476345840130505,0.808
0.1650326797385621,0.808
0.16530278232405893,0.808
0.16557377049180327,0.808
0.16584564860426929,0.808
0.16611842105263158,0.808
0.16639209225700163,0.808
0.16666666666666666,0.808
0.1669421487603306,0.808
0.1672185430463576,0.808
0.16749585406301823,0.808
0.16611295681063123,0.8
0.16638935108153077,0.8
0.16666666666666666,0.8
0.1669449081803005,0.8
0.16722408026755853,0.8
0.16750418760469013,0.8
0.16778523489932887,0.8
0.16806722689075632,0.8
0.16835016835016836,0.8
0.16863406408094436,0.8
0.16891891891891891,0.8
0.1692047377326565,0.8
0.1694915254237288,0.8
0.1697792869269949,0.8
0.17006802721088435,0.8
0.17035775127768313,0.8
0.17064846416382254,0.8
0.17094017094017094,0.8
0.17123287671232876,0.8
0.17152658662092624,0.8
0.1718213058419244,0.8
0.1721170395869191,0.8
0.1724137931034483,0.8
0.17271157167530224,0.8
0.17301038062283736,0.8
0.1733102253032929,0.8
0.1736111111111111,0.8
0.17391304347826086,0.8
0.17421602787456447,0.8
0.17452006980802792,0.8
0.17482517482517482,0.8
0.17513134851138354,0.8
0.17543859649122806,0.8
0.1757469244288225,0.8
0.176056338028169,0.8
0.1763668430335097,0.8
0.17667844522968199,0.8
0.17699115044247787,0.8
0.1773049645390071,0.8
0.17761989342806395,0.8
0.17793594306049823,0.8
0.17825311942959002,0.8
0.17857142857142858,0.8
0.17889087656529518,0.8
0.1774193548387097,0.792
0.17773788150807898,0.792
0.17805755395683454,0.792
0.1783783783783784,0.792
0.17870036101083034,0.792
0.17902350813743217,0.792
0.1793478260869565,0.792
0.17967332123411978,0.792
0.18,0.792
0.18032786885245902,0.792
0.18065693430656934,0.792
0.1809872029250457,0.792
0.1813186813186813,0.792
0.181651376146789,0.792
0.18198529411764705,0.792
0.18232044198895028,0.792
0.18265682656826568,0.792
0.18299445471349354,0.792
0.18333333333333332,0.792
0.1836734693877551,0.792
0.18401486988847585,0.792
0.18435754189944134,0.792
0.18470149253731344,0.792
0.18504672897196262,0.792
0.1853932584269663,0.792
0.18574108818011256,0.792
0.18609022556390978,0.792
0.1864406779661017,0.792
0.18679245283018867,0.792
0.18714555765595464,0.792
0.1875,0.792
0.18785578747628084,0.792
0.188212927756654,0.792
0.18857142857142858,0.792
0.18893129770992367,0.792
0.18929254302103252,0.792
0.1896551724137931,0.792
0.19001919385796545,0.792
0.19038461538461537,0.792
0.1907514450867052,0.792
0.19111969111969113,0.792
0.19148936170212766,0.792
0.19186046511627908,0.792
0.19223300970873786,0.792
0.1926070038910506,0.792
0.19298245614035087,0.792
0.193359375,0.792
0.19373776908023482,0.792
0.19411764705882353,0.792
0.1944990176817289,0.792
0.19488188976377951,0.792
0.1952662721893491,0.792
0.1956521739130435,0.792
0.19603960396039605,0.792
0.19642857142857142,0.792
0.19681908548707752,0.792
0.19721115537848605,0.792
0.19760479041916168,0.792
0.198,0.792
0.19839679358717435,0.792
0.19879518072289157,0.792
0.19919517102615694,0.792
0.19959677419354838,0.792
0.2,0.792
0.20040485829959515,0.792
0.20081135902636918,0.792
0.20121951219512196,0.792
0.20162932790224034,0.792
0.20204081632653062,0.792
0.20245398773006135,0.792
0.2028688524590164,0.792
0.2032854209445585,0.792
0.2037037037037037,0.792
0.20412371134020618,0.792
0.20454545454545456,0.792
0.20496894409937888,0.792
0.2053941908713693,0.792
0.20582120582120583,0.792
0.20625,0.792
0.20668058455114824,0.792
0.20711297071129708,0.792
0.20754716981132076,0.792
0.20798319327731093,0.792
0.20842105263157895,0.792
0.2088607594936709,0.792
0.20930232558139536,0.792
0.2097457627118644,0.792
0.21019108280254778,0.792
0.21063829787234042,0.792
0.21108742004264391,0.792
0.21153846153846154,0.792
0.21199143468950749,0.792
0.21244635193133046,0.792
0.2129032258064516,0.792
0.21336206896551724,0.792
0.21382289416846653,0.792
0.21428571428571427,0.792
0.21475054229934923,0.792
0.21521739130434783,0.792
0.21568627450980393,0.792
0.21615720524017468,0.792
0.21663019693654267,0.792
0.21710526315789475,0.792
0.2175824175824176,0.792
0.21806167400881057,0.792
0.2185430463576159,0.792
0.21902654867256638,0.792
0.21951219512195122,0.792
0.22,0.792
0.22048997772828507,0.792
0.22098214285714285,0.792
0.2214765100671141,0.792
0.2219730941704036,0.792
0.22247191011235956,0.792
0.22297297297297297,0.792
0.2234762979683973,0.792
0.2239819004524887,0.792
0.22448979591836735,0.792
0.225,0.792
0.2255125284738041,0.792
0.22602739726027396,0.792
0.22654462242562928,0.792
0.22706422018348624,0.792
0.22758620689655173,0.792
0.22811059907834103,0.792
0.22863741339491916,0.792
0.22916666666666666,0.792
0.2273781902552204,0.784
0.22790697674418606,0.784
0.22843822843822845,0.784
0.22897196261682243,0.784
0.22950819672131148,0.784
0.2300469483568075,0.784
0.23058823529411765,0.784
0.23113207547169812,0.784
0.23167848699763594,0.784
0.23222748815165878,0.784
0.2327790973871734,0.784
0.23333333333333334,0.784
0.23389021479713604,0.784
0.23444976076555024,0.784
0.23501199040767387,0.784
0.23557692307692307,0.784
0.236144578313253,0.784
0.23671497584541062,0.784
0.23728813559322035,0.784
0.23786407766990292,0.784
0.2384428223844282,0.784
0.23902439024390243,0.784
0.2396088019559902,0.784
0.24019607843137256,0.784
0.24078624078624078,0.784
0.2413793103448276,0.784
0.2419753086419753,0.784
0.24257425742574257,0.784
0.24317617866004962,0.784
0.24378109452736318,0.784
0.24438902743142144,0.784
0.245,0.784
0.24561403508771928,0.784
0.24623115577889448,0.784
0.24685138539042822,0.784
0.2474747474747475,0.784
0.2481012658227848,0.784
0.24873096446700507,0.784
0.24936386768447838,0.784
0.25,0.784
0.2506393861892583,0.784
0.2512820512820513,0.784
0.2519280205655527,0.784
0.25257731958762886,0.784
0.2532299741602067,0.784
0.2538860103626943,0.784
0.2545454545454545,0.784
0.2552083333333333,0.784
0.2558746736292428,0.784
0.25654450261780104,0.784
0.2572178477690289,0.784
0.2578947368421053,0.784
0.25857519788918204,0.784
0.25925925925925924,0.784
0.259946949602122,0.784
0.26063829787234044,0.784
0.2613333333333333,0.784
0.2620320855614973,0.784
0.26273458445040215,0.784
0.26344086021505375,0.784
0.2641509433962264,0.784
0.2648648648648649,0.784
0.26558265582655827,0.784
0.266304347826087,0.784
0.2670299727520436,0.784
0.2677595628415301,0.784
0.2684931506849315,0.784
0.2692307692307692,0.784
0.2699724517906336,0.784
0.27071823204419887,0.784
0.27146814404432135,0.784
0.2722222222222222,0.784
0.27298050139275765,0.784
0.2737430167597765,0.784
0.27450980392156865,0.784
0.2752808988764045,0.784
0.27605633802816903,0.784
0.2768361581920904,0.784
0.2776203966005666,0.784
0.2784090909090909,0.784
0.2792022792022792,0.784
0.28,0.784
0.2808022922636103,0.784
0.28160919540229884,0.784
0.2824207492795389,0.784
0.2832369942196532,0.784
0.28405797101449276,0.784
0.28488372093023256,0.784
0.2857142857142857,0.784
0.28654970760233917,0.784
0.2873900293255132,0.784
0.28823529411764703,0.784
0.2890855457227139,0.784
0.28994082840236685,0.784
0.29080118694362017,0.784
0.2916666666666667,0.784
0.29253731343283584,0.784
0.2934131736526946,0.784
0.29429429429429427,0.784
0.29518072289156627,0.784
0.29607250755287007,0.784
0.296969696969697,0.784
0.2978723404255319,0.784
0.29878048780487804,0.784
0.2996941896024465,0.784
0.3006134969325153,0.784
0.30153846153846153,0.784
0.30246913580246915,0.784
0.30340557275541796,0.784
0.30434782608695654,0.784
0.3052959501557632,0.784
0.30625,0.784
0.3072100313479624,0.784
0.3081761006289308,0.784
0.30914826498422715,0.784
0.3069620253164557,0.776
0.30793650793650795,0.776
0.3057324840764331,0.768
0.30670926517571884,0.768
0.3076923076923077,0.768
0.3086816720257235,0.768
0.3096774193548387,0.768
0.3106796116504854,0.768
0.3116883116883117,0.768
0.3127035830618892,0.768
0.3137254901960784,0.768
0.31475409836065577,0.768
0.3157894736842105,0.768
0.31683168316831684,0.768
0.31788079470198677,0.768
0.31893687707641194,0.768
0.32,0.768
0.3210702341137124,0.768
0.3221476510067114,0.768
0.32323232323232326,0.768
0.32432432432432434,0.768
0.3254237288135593,0.768
0.32653061224489793,0.768
0.32764505119453924,0.768
0.3287671232876712,0.768
0.32989690721649484,0.768
0.3310344827586207,0.768
0.33217993079584773,0.768
0.3333333333333333,0.768
0.3344947735191638,0.768
0.3356643356643357,0.768
0.3368421052631579,0.768
0.3380281690140845,0.768
0.3392226148409894,0.768
0.3404255319148936,0.768
0.3416370106761566,0.768
0.34285714285714286,0.768
0.34408602150537637,0.768
0.34532374100719426,0.768
0.34657039711191334,0.768
0.34782608695652173,0.768
0.3490909090909091,0.768
0.35036496350364965,0.768
0.3516483516483517,0.768
0.35294117647058826,0.768
0.35424354243542433,0.768
0.35555555555555557,0.768
0.35687732342007433,0.768
0.3582089552238806,0.768
0.3595505617977528,0.768
0.3609022556390977,0.768
0.3622641509433962,0.768
0.36363636363636365,0.768
0.3650190114068441,0.768
0.366412213740458,0.768
0.367816091954023,0.768
0.36923076923076925,0.768
0.37065637065637064,0.768
0.37209302325581395,0.768
0.3735408560311284,0.768
0.375,0.768
0.3764705882352941,0.768
0.3779527559055118,0.768
0.3794466403162055,0.768
0.38095238095238093,0.768
0.38247011952191234,0.768
0.384,0.768
0.3855421686746988,0.768
0.3870967741935484,0.768
0.38866396761133604,0.768
0.3902439024390244,0.768
0.3877551020408163,0.76
0.38934426229508196,0.76
0.39094650205761317,0.76
0.3925619834710744,0.76
0.3941908713692946,0.76
0.3958333333333333,0.76
0.39748953974895396,0.76
0.39915966386554624,0.76
0.4008438818565401,0.76
0.4025423728813559,0.76
0.40425531914893614,0.76
0.405982905982906,0.76
0.40772532188841204,0.76
0.40948275862068967,0.76
0.41125541125541126,0.76
0.41304347826086957,0.76
0.4148471615720524,0.76
0.4166666666666667,0.76
0.4185022026431718,0.76
0.42035398230088494,0.76
0.4222222222222222,0.76
0.42410714285714285,0.76
0.4260089686098655,0.76
0.42792792792792794,0.76
0.4298642533936652,0.76
0.4318181818181818,0.76
0.4337899543378995,0.76
0.43577981651376146,0.76
0.4377880184331797,0.76
0.4398148148148148,0.76
0.4418604651162791,0.76
0.4392523364485981,0.752
0.4413145539906103,0.752
0.44339622641509435,0.752
0.44549763033175355,0.752
0.44761904761904764,0.752
0.44976076555023925,0.752
0.4519230769230769,0.752
0.45410628019323673,0.752
0.4563106796116505,0.752
0.4585365853658537,0.752
0.46078431372549017,0.752
0.4630541871921182,0.752
0.46534653465346537,0.752
0.46766169154228854,0.752
0.47,0.752
0.4723618090452261,0.752
0.47474747474747475,0.752
0.4720812182741117,0.744
0.4744897959183674,0.744
0.47692307692307695,0.744
0.4742268041237113,0.736
0.47668393782383417,0.736
0.4791666666666667,0.736
0.4816753926701571,0.736
0.4842105263157895,0.736
0.48677248677248675,0.736
0.48936170212765956,0.736
0.4919786096256685,0.736
0.4946236559139785,0.736
0.4972972972972973,0.736
0.5,0.736
0.5027322404371585,0.736
0.5054945054945055,0.736
0.5082872928176796,0.736
0.5111111111111111,0.736
0.5139664804469274,0.736
0.5168539325842697,0.736
0.519774011299435,0.736
0.5227272727272727,0.736
0.52,0.728
0.5229885057471264,0.728
0.5260115606936416,0.728
0.5290697674418605,0.728
0.5263157894736842,0.72
0.5294117647058824,0.72
0.5325443786982249,0.72
0.5357142857142857,0.72
0.5389221556886228,0.72
0.5421686746987951,0.72
0.5454545454545454,0.72
0.5487804878048781,0.72
0.5521472392638037,0.72
0.5555555555555556,0.72
0.5590062111801242,0.72
0.5625,0.72
0.5660377358490566,0.72
0.569620253164557,0.72
0.5732484076433121,0.72
0.5769230769230769,0.72
0.5806451612903226,0.72
0.5844155844155844,0.72
0.5882352941176471,0.72
0.5921052631578947,0.72
0.5960264900662252,0.72
0.5933333333333334,0.712
0.5973154362416108,0.712
0.5945945945945946,0.704
0.5918367346938775,0.696
0.589041095890411,0.688
0.593103448275862,0.688
0.5902777777777778,0.68
0.5944055944055944,0.68
0.5915492957746479,0.672
0.5886524822695035,0.664
0.5928571428571429,0.664
0.5971223021582733,0.664
0.6014492753623188,0.664
0.6058394160583942,0.664
0.6102941176470589,0.664
0.6148148148148148,0.664
0.6194029850746269,0.664
0.6240601503759399,0.664
0.6287878787878788,0.664
0.6335877862595419,0.664
0.6307692307692307,0.656
0.6356589147286822,0.656
0.6328125,0.648
0.6377952755905512,0.648
0.6428571428571429,0.648
0.648,0.648
0.6451612903225806,0.64
0.6504065040650406,0.64
0.6475409836065574,0.632
0.6446280991735537,0.624
0.6416666666666667,0.616
0.6386554621848739,0.608
0.6440677966101694,0.608
0.6495726495726496,0.608
1.0,0.0
