,contributor,type,confidence,events,NA,NT,NOR,ORR,DCA_mean,DCA_median,DCA_std,DCA_gini,NAR_mean,NAR_median,NAR_gini,NAR_IQR,NTR_mean,NTR_median,NTR_std,NTR_gini,NCAR_mean,NCAR_std,NCAR_IQR,DCAR_mean,DCAR_median,DCAR_std,DCAR_IQR,DAAR_mean,DAAR_median,DAAR_std,DAAR_gini,DAAR_IQR,DCAT_mean,DCAT_median,DCAT_std,DCAT_gini,DCAT_IQR,NAT_mean,NAT_median,NAT_std,NAT_gini,NAT_IQR
0,contributor,Human,0.942,44,42,9,9,0.6,48.666,0.169,112.671,0.85,2.8,3.0,0.314,2.0,1.667,1.0,0.816,0.245,1.909,1.231,1.75,2.716,0.0,7.079,0.12,92.17,0.675,145.834,0.73,138.761,61.779,0.334,128.978,0.824,37.078,4.667,3.0,4.975,0.466,3.0
1,YijunXieMS,Unknown,-,0,-,-,-,-,-,-,-,-,-,-,-,-,-,-,-,-,-,-,-,-,-,-,-,-,-,-,-,-,-,-,-,-,-,-,-,-,-,-
2,hrhino,Unknown,-,0,-,-,-,-,-,-,-,-,-,-,-,-,-,-,-,-,-,-,-,-,-,-,-,-,-,-,-,-,-,-,-,-,-,-,-,-,-,-
3,zhangjinpeng1987,Invalid,-,-,-,-,-,-,-,-,-,-,-,-,-,-,-,-,-,-,-,-,-,-,-,-,-,-,-,-,-,-,-,-,-,-,-,-,-,-,-,-
4,araczkowski,Bot,0.225,23,23,3,1,1.0,14.295,0.391,35.012,0.837,23.0,23.0,0.0,0.0,3.0,3.0,0.0,0.0,23.0,0.0,0.0,314.492,314.492,0.0,0.0,,,0.0,0.0,,0.06,0.06,0.085,0.0,0.06,7.667,1.0,11.547,0.58,10.0
5,chippers,Human,0.944,100,93,11,3,0.333,16.526,0.135,91.277,0.95,10.333,2.0,0.726,6.0,3.111,2.0,3.1,0.46,5.167,6.582,5.5,71.848,0.007,208.189,19.819,13.358,0.968,28.938,0.809,4.712,20.322,0.173,104.486,0.943,2.227,8.455,5.0,7.568,0.428,7.5
6,JDevlieghere,Human,0.935,100,80,8,3,0.6,6.135,0.073,20.757,0.914,16.0,3.0,0.655,7.0,2.8,3.0,2.049,0.343,2.581,2.975,1.5,11.351,0.0,55.53,0.476,4.426,0.178,17.149,0.892,1.137,8.052,0.112,23.535,0.889,1.173,10.0,7.5,8.864,0.422,9.75
7,ryantm,Human,0.948,100,81,12,5,0.417,8.459,0.068,21.929,0.871,6.75,3.5,0.548,8.0,3.083,2.0,2.503,0.412,3.115,2.819,3.75,5.597,0.001,17.339,0.214,21.247,3.783,31.842,0.698,29.779,10.305,0.107,24.347,0.852,2.643,6.75,7.0,4.845,0.388,7.75
8,ravikyram,Unknown,-,0,-,-,-,-,-,-,-,-,-,-,-,-,-,-,-,-,-,-,-,-,-,-,-,-,-,-,-,-,-,-,-,-,-,-,-,-,-,-
9,flch-odoo,Human,0.831,74,66,8,2,1.0,26.495,2.485,79.274,0.816,33.0,33.0,0.182,12.0,5.0,5.0,0.0,0.0,2.87,3.02,3.0,34.445,3.831,68.277,26.949,42.27,3.339,127.64,0.846,21.297,39.702,3.339,106.633,0.815,27.379,8.25,5.0,10.068,0.519,5.75
10,cjihrig,Human,0.924,100,91,11,5,0.556,4.265,0.284,8.264,0.788,10.111,2.0,0.579,21.0,2.444,2.0,1.878,0.374,1.978,1.745,1.0,3.865,0.0,11.382,0.329,4.58,0.4,7.685,0.743,4.131,5.155,0.48,9.068,0.753,4.095,8.273,10.0,4.338,0.266,4.5
11,jlhughes,Human,0.278,233,159,8,1,1.0,13.36,0.438,55.007,0.87,159.0,159.0,0.0,0.0,8.0,8.0,0.0,0.0,159.0,0.0,0.0,2110.876,2110.876,0.0,0.0,,,0.0,0.0,,10.133,0.354,24.386,0.832,9.35,19.875,18.0,14.297,0.378,24.25
12,j5ik2o-bot[bot],Bot,1.0,-,-,-,-,-,-,-,-,-,-,-,-,-,-,-,-,-,-,-,-,-,-,-,-,-,-,-,-,-,-,-,-,-,-,-,-,-,-,-
13,mkg20001,Human,0.929,100,100,12,7,0.5,4.475,0.172,10.816,0.832,7.143,4.0,0.53,8.75,1.786,1.0,1.188,0.311,2.632,3.886,1.0,1.322,0.0,4.28,0.005,10.616,3.359,15.717,0.679,15.509,6.66,0.34,12.406,0.764,3.966,8.333,1.0,19.713,0.757,2.25
14,koox00,Unknown,-,3,3,2,3,1.0,479.172,479.172,231.224,0.171,1.0,1.0,0.0,0.0,1.0,1.0,0.0,0.0,1.0,0.0,0.0,0.0,0.0,0.0,0.0,479.172,479.172,231.224,0.171,163.5,479.172,479.172,231.224,0.171,163.5,1.5,1.5,0.707,0.167,0.5
15,AyushExel,Human,0.95,100,81,11,3,0.6,5.405,0.185,13.021,0.833,16.2,5.0,0.617,11.0,3.8,2.0,4.207,0.484,3.682,4.497,1.0,8.332,0.194,17.484,1.767,11.862,5.766,18.844,0.651,9.245,5.726,0.21,13.089,0.804,5.726,7.364,4.0,7.339,0.467,5.0
16,ajm188,Unknown,-,1,1,1,1,1.0,,,0.0,0.0,1.0,1.0,0.0,0.0,1.0,1.0,0.0,0.0,1.0,0.0,0.0,0.0,0.0,0.0,0.0,,,0.0,0.0,,,,0.0,0.0,,1.0,1.0,0.0,0.0,0.0
17,Imaginos16,Human,0.916,80,79,9,4,0.667,27.467,0.272,79.152,0.878,13.167,4.5,0.534,22.0,2.667,2.5,1.366,0.25,2.257,1.837,1.5,8.875,0.153,20.804,2.8,53.878,0.794,113.525,0.813,41.787,23.882,0.274,70.086,0.881,4.516,8.778,8.0,6.399,0.38,7.0
18,heaths,Human,0.908,100,88,10,4,0.4,1.407,0.093,4.283,0.848,8.8,5.0,0.489,5.5,2.9,3.0,1.524,0.272,1.571,1.142,1.0,0.27,0.0,0.857,0.02,1.95,0.168,5.271,0.832,0.671,1.578,0.104,4.689,0.849,0.624,8.8,7.0,5.731,0.345,10.5
19,KVS85,Human,0.949,200,163,10,3,0.429,5.491,0.02,19.509,0.924,23.286,3.0,0.74,17.5,3.857,2.0,3.671,0.455,4.289,5.756,3.0,12.47,0.003,32.169,1.035,11.234,0.174,28.033,0.856,3.898,6.07,0.016,20.84,0.919,0.394,16.3,6.5,18.992,0.565,25.75
20,jakelandis,Human,0.939,100,81,10,3,1.0,8.391,0.299,19.398,0.838,27.0,27.0,0.412,25.0,3.333,2.0,2.309,0.267,4.05,6.253,3.25,27.369,0.008,64.107,5.637,6.52,0.438,17.177,0.845,2.009,10.17,0.57,20.175,0.796,6.029,8.1,4.5,8.962,0.535,10.25
21,vurusovs,Unknown,-,0,-,-,-,-,-,-,-,-,-,-,-,-,-,-,-,-,-,-,-,-,-,-,-,-,-,-,-,-,-,-,-,-,-,-,-,-,-,-
22,zhhsplendid,Human,0.944,29,28,6,4,1.0,56.021,4.049,132.821,0.8,7.0,1.0,0.643,6.0,2.0,1.0,2.0,0.375,5.6,7.797,5.0,145.502,0.0,206.277,288.198,196.263,79.781,250.704,0.501,143.872,136.619,0.104,230.459,0.697,174.888,4.667,1.5,7.554,0.607,1.75
23,mbondyra,Human,0.957,100,90,12,5,0.714,8.371,0.536,22.444,0.846,12.857,1.0,0.61,21.0,2.857,1.0,2.968,0.457,1.698,1.422,1.0,3.56,0.0,14.414,0.183,10.698,0.53,27.172,0.841,3.757,9.357,0.418,25.921,0.861,3.518,7.5,4.0,12.638,0.63,5.0
24,andreaslochbihler-da,Bot,0.479,38,22,3,1,1.0,16.794,0.099,56.207,0.906,22.0,22.0,0.0,0.0,3.0,3.0,0.0,0.0,22.0,0.0,0.0,352.675,352.675,0.0,0.0,,,0.0,0.0,,0.923,0.277,1.849,0.731,0.373,7.333,4.0,7.572,0.424,7.0
25,sjwiesman,Human,0.955,54,51,12,5,0.556,30.176,0.464,80.477,0.865,5.667,3.0,0.527,4.0,2.556,3.0,1.944,0.348,2.318,2.212,2.0,10.509,0.01,42.754,1.461,60.838,3.511,111.225,0.745,69.088,41.109,0.694,95.343,0.835,16.832,4.25,3.0,5.119,0.443,1.5
26,thomasaugsten,Unknown,-,0,-,-,-,-,-,-,-,-,-,-,-,-,-,-,-,-,-,-,-,-,-,-,-,-,-,-,-,-,-,-,-,-,-,-,-,-,-,-
27,mergify-test1,Unknown,-,0,-,-,-,-,-,-,-,-,-,-,-,-,-,-,-,-,-,-,-,-,-,-,-,-,-,-,-,-,-,-,-,-,-,-,-,-,-,-
28,andreeleuterio,Unknown,-,5,5,3,1,1.0,118.059,48.59,177.139,0.646,5.0,5.0,0.0,0.0,3.0,3.0,0.0,0.0,5.0,0.0,0.0,472.235,472.235,0.0,0.0,,,0.0,0.0,,187.838,187.838,264.607,0.498,187.106,1.667,2.0,0.577,0.133,0.5
29,guggero,Human,0.95,100,79,10,4,0.308,5.846,0.039,42.636,0.971,6.077,3.0,0.549,5.0,2.923,2.0,2.362,0.401,2.194,2.34,1.0,0.436,0.0,2.116,0.014,12.579,0.06,63.466,0.952,0.537,9.264,0.043,53.704,0.96,0.292,7.9,5.5,7.622,0.47,5.5
30,rafariossaa,Human,0.886,200,196,12,4,0.333,7.636,0.002,45.522,0.948,16.333,4.5,0.709,18.75,2.083,1.0,1.782,0.383,5.765,15.188,1.75,4.102,0.0,10.653,0.965,40.895,0.952,105.433,0.804,42.815,9.183,0.059,30.654,0.908,0.367,16.333,7.5,28.937,0.694,9.25
31,ryv-odoo,Human,0.794,200,178,8,2,0.667,3.377,0.226,10.96,0.868,59.333,80.0,0.352,47.0,3.333,3.0,1.528,0.2,3.017,2.701,3.0,5.655,0.121,23.142,1.723,4.553,0.66,9.953,0.779,2.827,5.2,0.515,13.396,0.825,2.061,22.25,8.5,25.717,0.555,29.75
32,kolyaopahle,Unknown,-,0,-,-,-,-,-,-,-,-,-,-,-,-,-,-,-,-,-,-,-,-,-,-,-,-,-,-,-,-,-,-,-,-,-,-,-,-,-,-
33,phax,Human,0.85,100,100,8,5,0.185,1.786,0.052,9.856,0.922,3.704,2.0,0.499,3.5,1.741,1.0,1.196,0.315,1.961,2.116,1.0,0.16,0.0,0.331,0.061,3.374,0.107,13.748,0.896,1.131,0.911,0.057,2.997,0.873,0.33,12.5,4.5,24.131,0.662,4.25
34,Inglonias,Human,0.955,27,26,10,6,0.857,40.071,9.199,58.319,0.69,3.714,2.0,0.374,5.0,2.143,1.0,2.035,0.4,2.167,1.992,1.5,11.991,0.0,29.716,0.029,77.99,54.82,68.582,0.461,81.756,42.654,12.1,54.043,0.64,70.984,2.6,1.0,2.951,0.477,1.5
35,antongolub,Human,0.915,100,84,9,6,0.429,1.701,0.04,6.335,0.922,6.0,3.0,0.56,4.5,3.0,2.5,1.961,0.347,5.6,7.258,3.5,1.265,0.011,2.65,0.136,8.726,0.778,13.498,0.707,15.901,2.244,0.019,7.263,0.908,0.286,9.333,4.0,9.069,0.481,9.0
36,ananddasani,Unknown,-,0,-,-,-,-,-,-,-,-,-,-,-,-,-,-,-,-,-,-,-,-,-,-,-,-,-,-,-,-,-,-,-,-,-,-,-,-,-,-
37,jianyexi,Unknown,-,3,3,2,1,1.0,35.354,35.354,44.167,0.442,3.0,3.0,0.0,0.0,2.0,2.0,0.0,0.0,3.0,0.0,0.0,70.708,70.708,0.0,0.0,,,0.0,0.0,,66.584,66.584,0.0,0.0,0.0,1.5,1.5,0.707,0.167,0.5
38,jens-maus,Human,0.934,100,91,10,7,0.636,4.541,0.395,9.188,0.776,8.273,3.0,0.543,11.0,2.0,1.0,1.789,0.364,2.116,1.621,2.0,4.238,0.0,12.371,0.081,5.392,0.955,10.715,0.746,6.602,5.061,1.027,7.791,0.708,7.345,9.1,4.5,12.538,0.548,3.75
39,edsoncelio,Human,0.897,100,95,9,32,0.762,10.446,0.515,18.779,0.763,2.262,1.0,0.495,0.0,1.262,1.0,0.734,0.183,1.61,1.326,0.0,4.182,0.0,18.544,0.0,12.676,3.099,19.357,0.696,18.637,12.9,3.119,20.418,0.69,18.091,10.556,8.0,10.273,0.465,6.0
40,alanrenmsft,Unknown,-,1,1,1,1,1.0,,,0.0,0.0,1.0,1.0,0.0,0.0,1.0,1.0,0.0,0.0,1.0,0.0,0.0,0.0,0.0,0.0,0.0,,,0.0,0.0,,,,0.0,0.0,,1.0,1.0,0.0,0.0,0.0
41,ksputo,Unknown,-,5,5,2,5,1.0,253.941,88.776,397.439,0.66,1.0,1.0,0.0,0.0,1.0,1.0,0.0,0.0,1.0,0.0,0.0,0.0,0.0,0.0,0.0,253.941,88.776,397.439,0.66,335.252,172.701,172.701,0.0,0.0,0.0,2.5,2.5,2.121,0.3,1.5
42,ortuman,Human,0.957,200,162,13,5,0.625,12.812,0.121,71.748,0.944,20.25,3.0,0.725,16.0,3.375,2.0,2.875,0.421,8.1,15.28,8.75,29.245,0.473,59.18,30.494,77.777,2.176,197.335,0.847,23.745,19.553,0.135,89.943,0.928,2.028,12.462,5.0,18.15,0.614,12.0
43,sergeyshaykhullin,Human,0.875,53,50,6,25,1.0,43.451,11.105,77.235,0.711,2.0,1.0,0.442,0.0,1.28,1.0,0.737,0.192,1.515,1.149,0.0,1.042,0.0,3.586,0.0,65.46,42.672,88.242,0.59,53.912,41.361,28.138,69.663,0.594,44.424,8.333,4.5,8.524,0.493,12.0
44,dholbert,Human,0.397,75,72,5,10,0.667,27.583,0.77,53.236,0.785,4.8,4.0,0.344,2.5,1.533,2.0,0.516,0.162,2.182,1.61,2.0,14.926,0.019,55.238,0.276,45.807,24.204,51.373,0.574,76.492,34.019,7.911,48.849,0.685,65.368,14.4,9.0,17.329,0.489,6.0
45,deater,Bot,0.943,100,100,1,1,0.333,9.794,3.036,13.921,0.65,33.333,2.0,0.64,48.0,1.0,1.0,0.0,0.0,20.0,25.913,19.0,191.121,57.211,266.703,273.39,3.513,1.894,4.535,0.566,4.03,,,0.0,0.0,,100.0,100.0,0.0,0.0,0.0
46,XueleiFan,Unknown,-,5,5,4,2,0.667,195.407,180.821,226.866,0.519,1.667,1.0,0.267,1.0,1.667,1.0,1.155,0.267,1.667,1.155,1.0,0.014,0.0,0.024,0.021,390.792,390.792,41.266,0.037,29.18,195.407,180.821,226.866,0.519,376.178,1.25,1.0,0.5,0.15,0.25
47,DelazJ,Human,0.93,100,82,10,5,0.714,3.011,0.071,7.591,0.85,11.714,8.0,0.488,10.5,3.714,3.0,3.094,0.407,2.278,2.186,1.25,2.771,0.0,9.254,0.047,4.119,0.714,6.776,0.718,4.482,3.768,0.132,8.387,0.82,2.579,8.2,8.0,4.29,0.28,5.25
48,ctron,Human,0.941,100,90,12,4,0.444,1.019,0.076,3.409,0.877,10.0,2.0,0.632,11.0,2.556,1.0,2.186,0.406,2.25,2.924,1.0,1.169,0.007,3.728,0.148,1.126,0.085,3.63,0.878,0.328,1.369,0.085,4.006,0.868,0.453,7.5,5.0,8.285,0.491,3.75
49,SrNetoChan,Human,0.951,37,33,8,6,0.75,54.752,0.55,119.685,0.812,4.125,1.5,0.572,2.75,1.625,1.0,1.061,0.279,2.357,2.373,1.0,45.604,0.004,159.2,0.046,85.663,21.602,142.023,0.716,105.556,82.294,0.683,149.676,0.771,82.368,4.125,4.0,3.399,0.405,4.25
50,kevinmirc,Unknown,-,1,1,1,1,1.0,,,0.0,0.0,1.0,1.0,0.0,0.0,1.0,1.0,0.0,0.0,1.0,0.0,0.0,0.0,0.0,0.0,0.0,,,0.0,0.0,,,,0.0,0.0,,1.0,1.0,0.0,0.0,0.0
51,lebauce,Human,0.79,100,97,7,3,0.333,5.392,0.1,15.179,0.849,10.778,3.0,0.603,9.0,3.111,3.0,1.691,0.254,2.694,3.584,1.0,3.268,0.0,7.726,0.107,11.428,1.373,23.338,0.766,13.298,6.376,0.371,16.351,0.823,4.741,13.857,13.0,9.564,0.359,14.5
52,AmeerHajAli,Unknown,-,3,3,1,3,1.0,682.978,682.978,262.23,0.136,1.0,1.0,0.0,0.0,1.0,1.0,0.0,0.0,1.0,0.0,0.0,0.0,0.0,0.0,0.0,682.978,682.978,262.23,0.136,185.425,,,0.0,0.0,,3.0,3.0,0.0,0.0,0.0
53,theypsilon,Human,0.641,91,85,6,4,0.16,26.203,12.788,32.708,0.635,3.4,2.0,0.461,4.0,1.16,1.0,0.624,0.13,1.308,0.934,0.0,2.796,0.0,13.418,0.0,31.551,21.99,33.506,0.561,41.033,7.742,0.005,23.782,0.888,1.575,14.167,2.5,28.875,0.735,3.75
54,FRASTM,Human,0.881,100,96,10,2,0.667,5.631,0.347,13.866,0.83,32.0,44.0,0.333,24.0,3.667,3.0,2.082,0.242,3.0,2.243,3.0,9.652,0.057,23.886,4.262,7.294,1.354,14.364,0.76,6.8,5.811,0.485,11.659,0.77,5.312,9.6,5.5,11.452,0.567,14.0
55,eseiler,Human,0.891,100,90,11,4,0.333,2.205,0.076,10.637,0.913,7.5,4.5,0.524,11.5,2.333,2.5,1.155,0.262,1.915,1.613,1.0,0.329,0.0,0.849,0.083,3.93,0.042,14.648,0.893,0.821,3.124,0.102,13.315,0.898,0.852,8.182,8.0,10.703,0.554,8.5
56,LacazeThomas,Unknown,-,8,8,3,7,1.0,261.732,123.71,241.931,0.446,1.143,1.0,0.107,0.0,1.143,1.0,0.378,0.107,1.143,0.378,0.0,12.594,0.0,33.32,0.0,290.662,230.983,251.409,0.422,259.183,401.437,394.042,317.044,0.351,316.979,2.667,1.0,2.887,0.417,2.5
57,sanjana,Unknown,-,0,-,-,-,-,-,-,-,-,-,-,-,-,-,-,-,-,-,-,-,-,-,-,-,-,-,-,-,-,-,-,-,-,-,-,-,-,-,-
58,cpanato,Human,0.775,200,172,11,11,0.289,0.27,0.016,1.166,0.886,4.526,2.5,0.496,4.0,2.395,2.0,1.462,0.296,1.811,1.17,2.0,0.033,0.0,0.128,0.002,0.457,0.046,1.547,0.842,0.24,0.307,0.013,1.3,0.895,0.118,15.636,7.0,17.206,0.539,23.0
59,edmorley,Human,0.934,100,89,11,5,0.294,0.967,0.095,2.476,0.816,5.235,2.0,0.64,4.0,2.529,1.0,2.294,0.43,2.171,2.459,1.0,0.616,0.0,2.071,0.023,1.496,0.205,3.292,0.787,1.099,1.081,0.095,2.73,0.815,0.697,8.091,7.0,5.7,0.349,4.5
60,MCterra10,Unknown,-,2,2,1,2,1.0,1.086,1.086,0.0,0.0,1.0,1.0,0.0,0.0,1.0,1.0,0.0,0.0,1.0,0.0,0.0,0.0,0.0,0.0,0.0,1.086,1.086,0.0,0.0,0.0,,,0.0,0.0,,2.0,2.0,0.0,0.0,0.0
61,lafita,Unknown,-,0,-,-,-,-,-,-,-,-,-,-,-,-,-,-,-,-,-,-,-,-,-,-,-,-,-,-,-,-,-,-,-,-,-,-,-,-,-,-
62,katbyte,Human,0.901,100,83,11,2,0.4,4.834,0.011,21.213,0.949,16.6,5.0,0.675,4.0,3.2,1.0,4.382,0.525,8.3,15.254,3.75,18.513,0.007,51.911,0.205,23.476,2.102,39.553,0.73,33.302,4.081,0.01,20.51,0.958,0.03,7.545,3.0,8.825,0.55,9.0
63,gbrail,Human,0.841,200,160,10,2,1.0,3.334,0.059,8.089,0.856,80.0,80.0,0.256,41.0,7.0,7.0,2.828,0.143,3.019,4.932,2.0,5.579,0.0,19.674,0.936,4.507,0.092,8.578,0.8,2.027,3.342,0.056,8.327,0.862,0.668,16.0,10.0,17.701,0.525,16.0
64,ChristopherRiedel,Unknown,-,0,-,-,-,-,-,-,-,-,-,-,-,-,-,-,-,-,-,-,-,-,-,-,-,-,-,-,-,-,-,-,-,-,-,-,-,-,-,-
65,samvaity,Human,0.912,100,85,11,2,0.5,6.597,0.258,19.379,0.871,21.25,26.5,0.279,11.25,4.0,3.5,3.162,0.375,2.073,1.836,1.0,7.196,0.0,25.14,0.377,6.477,0.404,16.79,0.814,3.004,5.747,0.332,15.522,0.84,1.891,7.727,5.0,7.85,0.471,4.5
66,brodybits,Invalid,-,-,-,-,-,-,-,-,-,-,-,-,-,-,-,-,-,-,-,-,-,-,-,-,-,-,-,-,-,-,-,-,-,-,-,-,-,-,-,-
67,MaceWindu,Human,0.951,100,90,12,3,0.6,2.444,0.151,7.092,0.871,18.0,2.0,0.698,11.0,4.0,2.0,4.637,0.5,4.091,8.029,2.5,7.284,0.0,29.73,0.489,2.729,0.244,7.205,0.839,0.534,2.206,0.09,5.965,0.869,0.621,7.5,3.5,11.041,0.624,5.25
68,eturquin,Unknown,-,0,-,-,-,-,-,-,-,-,-,-,-,-,-,-,-,-,-,-,-,-,-,-,-,-,-,-,-,-,-,-,-,-,-,-,-,-,-,-
69,dbrown-va,Unknown,-,1,1,1,1,1.0,,,0.0,0.0,1.0,1.0,0.0,0.0,1.0,1.0,0.0,0.0,1.0,0.0,0.0,0.0,0.0,0.0,0.0,,,0.0,0.0,,,,0.0,0.0,,1.0,1.0,0.0,0.0,0.0
70,NiuYawei,Human,0.174,296,238,8,1,1.0,5.761,0.166,17.841,0.855,238.0,238.0,0.0,0.0,8.0,8.0,0.0,0.0,238.0,0.0,0.0,1365.339,1365.339,0.0,0.0,,,0.0,0.0,,5.674,0.187,14.253,0.834,3.465,29.75,30.5,11.042,0.195,16.25
71,CrowdHailer,Human,0.948,200,194,11,5,0.312,6.52,0.267,19.648,0.87,12.125,5.0,0.611,9.75,2.875,3.0,1.746,0.321,3.031,3.656,2.0,8.307,0.001,23.975,0.736,11.534,0.432,26.539,0.828,8.455,9.688,0.138,26.875,0.872,2.238,17.636,6.0,38.497,0.705,9.0
72,fbuihuu,Human,0.925,65,62,9,3,0.75,35.46,1.485,82.612,0.824,15.5,17.0,0.379,18.5,2.5,2.5,1.291,0.25,2.385,2.264,1.75,30.89,0.0,76.349,1.485,54.396,6.857,107.285,0.777,27.985,44.628,2.752,98.244,0.811,24.35,6.889,3.0,7.271,0.505,11.0
73,simonbyrne,Human,0.954,80,73,12,9,0.643,29.753,1.436,68.885,0.806,5.214,3.0,0.537,5.0,2.071,1.0,1.639,0.367,2.147,2.664,1.0,9.852,0.0,33.575,1.86,54.766,18.685,94.16,0.715,66.866,38.577,1.158,80.742,0.783,48.235,6.083,3.0,8.939,0.574,4.0
74,traefiker,Unknown,-,0,-,-,-,-,-,-,-,-,-,-,-,-,-,-,-,-,-,-,-,-,-,-,-,-,-,-,-,-,-,-,-,-,-,-,-,-,-,-
75,ajsutton,Human,0.858,100,85,10,1,0.25,1.992,0.06,10.556,0.929,21.25,9.5,0.574,18.25,4.0,3.0,3.559,0.406,5.312,4.936,6.5,7.915,0.206,24.243,0.848,2.711,0.738,5.657,0.761,1.073,2.903,0.084,12.748,0.908,0.764,8.5,7.0,9.046,0.429,2.75
76,reviewflow[bot],Bot,1.0,-,-,-,-,-,-,-,-,-,-,-,-,-,-,-,-,-,-,-,-,-,-,-,-,-,-,-,-,-,-,-,-,-,-,-,-,-,-,-
77,ahmadabdolsaheb,Invalid,-,-,-,-,-,-,-,-,-,-,-,-,-,-,-,-,-,-,-,-,-,-,-,-,-,-,-,-,-,-,-,-,-,-,-,-,-,-,-,-
78,davewalter,Human,0.88,100,84,9,3,0.214,12.974,0.014,36.518,0.889,6.0,3.0,0.543,3.0,2.643,3.0,1.082,0.21,2.154,2.02,2.0,0.206,0.0,0.636,0.003,28.127,0.699,50.202,0.765,23.765,11.39,0.01,34.957,0.894,1.289,9.333,6.0,8.246,0.45,13.0
79,irisdingbj,Human,0.866,100,75,9,2,0.667,13.918,0.203,32.535,0.817,25.0,1.0,0.64,36.0,3.333,1.0,4.041,0.467,15.0,12.961,24.0,201.62,189.563,207.542,361.25,5.466,2.23,8.207,0.645,7.599,17.48,0.203,37.285,0.801,19.068,8.333,2.0,9.192,0.545,11.0
80,rjmccall,Unknown,-,0,-,-,-,-,-,-,-,-,-,-,-,-,-,-,-,-,-,-,-,-,-,-,-,-,-,-,-,-,-,-,-,-,-,-,-,-,-,-
81,MichaelDeBoey,Human,0.898,100,81,9,11,0.55,2.314,0.016,17.642,0.972,4.05,1.0,0.594,3.0,1.55,1.0,0.887,0.26,2.893,4.458,1.25,0.096,0.0,0.304,0.027,6.758,0.115,30.244,0.933,0.295,2.902,0.016,19.872,0.969,0.084,9.0,4.0,7.599,0.433,12.0
82,kylehickinson,Human,0.932,100,86,11,3,0.6,2.508,0.068,8.298,0.865,17.2,1.0,0.637,25.0,2.6,1.0,2.608,0.431,2.098,1.48,1.0,3.665,0.001,11.423,0.873,1.573,0.096,4.111,0.797,1.022,2.576,0.066,8.626,0.868,1.049,7.818,9.0,3.281,0.216,4.5
83,kayiwa,Human,0.883,100,88,10,2,0.4,1.73,0.159,4.251,0.829,17.6,3.0,0.682,4.0,3.6,3.0,2.191,0.289,5.176,5.514,6.0,3.669,1.121,6.341,2.738,5.507,0.939,7.649,0.664,13.461,1.591,0.052,4.195,0.849,0.956,8.8,6.5,11.243,0.532,7.25
84,timmo001,Human,0.952,100,85,11,8,0.571,6.872,0.048,22.443,0.904,6.071,2.5,0.616,5.0,1.857,1.0,1.292,0.324,3.696,5.896,2.0,3.504,0.0,13.364,0.061,22.577,0.661,39.064,0.741,40.244,10.011,0.011,27.685,0.871,0.253,7.727,3.0,11.594,0.635,9.0
85,StephenJamesSmith,Human,0.732,73,64,6,3,0.75,34.558,0.45,98.913,0.879,16.0,16.5,0.391,21.0,2.75,2.5,0.957,0.159,1.641,1.246,1.0,43.689,0.0,191.913,0.328,12.456,0.409,46.878,0.897,2.348,26.67,0.441,73.945,0.873,11.415,10.667,7.0,8.262,0.375,11.0
86,ezr-ondrej,Human,0.909,100,82,8,6,0.5,1.019,0.059,3.032,0.85,6.833,3.0,0.575,7.5,2.5,2.0,1.567,0.322,1.952,1.794,1.0,1.008,0.0,3.801,0.043,0.981,0.08,3.178,0.843,0.632,0.913,0.028,2.911,0.861,0.584,10.25,7.5,7.265,0.363,7.75
87,engcom-Delta,Bot,0.874,100,80,2,1,1.0,16.728,3.162,26.522,0.699,80.0,80.0,0.0,0.0,2.0,2.0,0.0,0.0,80.0,0.0,0.0,1321.486,1321.486,0.0,0.0,,,0.0,0.0,,12.036,2.734,18.743,0.69,19.656,40.0,40.0,25.456,0.225,18.0
88,Myoldmopar,Human,0.952,100,83,13,4,0.8,2.922,0.028,9.128,0.887,16.6,9.0,0.612,9.0,4.0,1.0,5.196,0.54,7.545,6.578,10.0,10.432,3.173,14.223,17.977,12.482,4.249,21.196,0.705,15.638,3.801,0.035,11.006,0.874,0.726,6.385,4.0,6.813,0.497,4.0
89,pgovind,Unknown,-,1,1,1,1,1.0,,,0.0,0.0,1.0,1.0,0.0,0.0,1.0,1.0,0.0,0.0,1.0,0.0,0.0,0.0,0.0,0.0,0.0,,,0.0,0.0,,,,0.0,0.0,,1.0,1.0,0.0,0.0,0.0
90,mengxianglinx,Unknown,-,1,1,1,1,1.0,,,0.0,0.0,1.0,1.0,0.0,0.0,1.0,1.0,0.0,0.0,1.0,0.0,0.0,0.0,0.0,0.0,0.0,,,0.0,0.0,,,,0.0,0.0,,1.0,1.0,0.0,0.0,0.0
91,Mrtenz,Human,0.757,100,76,10,1,0.167,0.754,0.023,2.257,0.874,12.667,13.0,0.386,15.25,3.667,3.5,2.805,0.379,3.8,4.384,3.0,0.4,0.015,0.877,0.254,2.556,0.518,3.966,0.68,2.151,0.807,0.082,2.329,0.829,0.372,7.6,4.5,8.872,0.5,5.25
92,spalger,Human,0.873,18,18,4,7,1.0,102.498,26.971,222.37,0.794,2.571,1.0,0.524,0.0,1.143,1.0,0.378,0.107,2.571,4.158,0.0,20.021,0.0,52.971,0.0,267.053,94.322,327.109,0.564,371.729,179.783,33.949,358.679,0.748,41.859,4.5,3.0,4.726,0.472,5.5
93,SKasimow,Unknown,-,0,-,-,-,-,-,-,-,-,-,-,-,-,-,-,-,-,-,-,-,-,-,-,-,-,-,-,-,-,-,-,-,-,-,-,-,-,-,-
94,CoderZhi,Human,0.917,200,172,9,4,0.5,26.265,0.571,234.635,0.92,21.5,7.5,0.672,19.5,3.5,3.0,2.507,0.366,3.44,4.343,2.0,72.87,0.041,436.171,9.83,17.303,9.509,19.669,0.586,23.07,37.683,0.993,288.325,0.915,16.606,19.111,7.0,21.479,0.536,31.0
95,tomchy,Human,0.776,200,177,8,4,0.333,4.639,0.128,14.15,0.882,14.75,5.5,0.69,3.75,2.167,2.0,1.337,0.314,1.863,2.504,1.0,3.776,0.0,19.767,0.051,4.87,0.256,12.496,0.856,1.578,5.592,0.178,16.29,0.877,1.358,22.125,20.0,19.555,0.463,34.75
96,peggygannon,Unknown,-,0,-,-,-,-,-,-,-,-,-,-,-,-,-,-,-,-,-,-,-,-,-,-,-,-,-,-,-,-,-,-,-,-,-,-,-,-,-,-
97,BOT-Man-JL,Bot,0.866,18,18,1,1,1.0,93.606,4.308,189.564,0.792,18.0,18.0,0.0,0.0,1.0,1.0,0.0,0.0,18.0,0.0,0.0,1591.3,1591.3,0.0,0.0,,,0.0,0.0,,,,0.0,0.0,,18.0,18.0,0.0,0.0,0.0
98,jgromes,Human,0.891,200,150,12,2,1.0,5.81,0.261,12.591,0.813,75.0,75.0,0.493,74.0,6.0,6.0,7.071,0.417,50.0,63.695,60.5,285.515,147.233,374.329,354.656,4.584,4.584,5.859,0.452,4.143,7.284,0.325,14.666,0.8,8.706,12.5,6.0,12.573,0.513,21.25
99,kdembler,Human,0.853,100,79,9,2,0.286,17.222,0.009,50.227,0.897,11.286,3.0,0.723,1.5,2.571,2.0,2.149,0.381,7.182,9.119,10.5,28.677,0.016,58.354,14.856,102.784,59.178,101.995,0.515,196.564,15.248,0.007,45.633,0.9,0.739,8.778,5.0,9.066,0.515,15.0
100,cgeo-ci-bot,Bot,0.921,100,100,1,1,1.0,1.721,0.0,10.583,0.974,100.0,100.0,0.0,0.0,1.0,1.0,0.0,0.0,100.0,0.0,0.0,170.368,170.368,0.0,0.0,,,0.0,0.0,,,,0.0,0.0,,100.0,100.0,0.0,0.0,0.0
101,themyth92,Unknown,-,0,-,-,-,-,-,-,-,-,-,-,-,-,-,-,-,-,-,-,-,-,-,-,-,-,-,-,-,-,-,-,-,-,-,-,-,-,-,-
102,afterwind-io,Unknown,-,5,5,1,5,1.0,468.011,265.136,633.873,0.608,1.0,1.0,0.0,0.0,1.0,1.0,0.0,0.0,1.0,0.0,0.0,0.0,0.0,0.0,0.0,468.011,265.136,633.873,0.608,733.138,,,0.0,0.0,,5.0,5.0,0.0,0.0,0.0
103,AlexxIT,Human,0.636,211,178,9,1,0.1,3.526,0.061,8.404,0.848,17.8,7.0,0.61,24.75,3.2,1.5,2.781,0.431,2.225,2.199,2.0,2.194,0.0,7.112,0.135,5.677,0.121,10.918,0.795,5.868,3.815,0.057,8.714,0.848,1.638,19.778,8.0,34.073,0.67,16.0
104,yuyoyuppe,Human,0.91,27,26,6,12,0.706,70.708,2.604,112.388,0.723,1.529,1.0,0.199,1.0,1.235,1.0,0.437,0.146,1.368,0.597,1.0,10.922,0.0,34.769,0.213,86.677,20.2,125.765,0.687,107.791,68.401,2.422,107.665,0.722,114.827,4.333,3.5,3.882,0.436,4.5
105,mauvilsa,Human,0.952,100,87,13,8,0.8,4.746,0.079,10.946,0.826,8.7,2.5,0.693,6.0,2.5,1.0,2.838,0.46,3.0,3.443,2.0,4.771,0.004,10.079,0.342,9.636,2.481,15.378,0.687,15.424,5.452,0.088,12.014,0.811,2.913,6.692,5.0,5.692,0.412,5.0
106,jhaals,Human,0.956,100,73,14,4,0.8,6.714,0.135,19.191,0.892,14.6,1.0,0.636,20.0,4.4,1.0,4.669,0.473,7.3,9.696,5.75,21.982,3.428,47.06,5.945,29.287,18.811,32.83,0.561,48.202,6.791,0.122,19.253,0.891,0.843,5.214,3.0,5.409,0.488,4.0
107,mid-kid,Human,0.935,100,98,12,10,0.625,10.623,1.328,19.351,0.746,6.125,5.0,0.48,5.75,1.875,1.5,1.025,0.279,1.849,1.68,1.0,4.325,0.0,13.4,0.322,15.407,5.022,23.624,0.675,19.376,13.816,3.384,24.602,0.733,18.779,8.167,2.5,17.13,0.672,2.25
108,baering,Human,0.192,100,87,6,1,1.0,23.473,0.28,61.176,0.847,87.0,87.0,0.0,0.0,6.0,6.0,0.0,0.0,87.0,0.0,0.0,2018.669,2018.669,0.0,0.0,,,0.0,0.0,,31.724,0.375,82.222,0.851,19.181,14.5,6.0,15.871,0.511,20.5
109,SaulLu,Unknown,-,0,-,-,-,-,-,-,-,-,-,-,-,-,-,-,-,-,-,-,-,-,-,-,-,-,-,-,-,-,-,-,-,-,-,-,-,-,-,-
110,tabatkins,Human,0.949,100,88,10,8,0.8,3.285,0.133,12.754,0.905,8.8,2.5,0.707,3.25,2.5,2.0,2.718,0.412,2.444,3.037,2.0,6.103,0.0,23.138,0.099,1.887,0.208,4.924,0.832,0.745,4.473,0.099,17.312,0.923,0.611,8.8,4.0,14.536,0.625,5.25
111,pieroxy,Unknown,-,8,7,2,1,1.0,51.7,1.872,116.639,0.807,7.0,7.0,0.0,0.0,2.0,2.0,0.0,0.0,7.0,0.0,0.0,310.203,310.203,0.0,0.0,,,0.0,0.0,,1.872,1.872,2.389,0.451,1.689,3.5,3.5,3.536,0.357,2.5
112,iulianpascalau,Human,0.764,300,240,15,1,0.053,2.41,0.085,8.583,0.887,12.632,5.0,0.667,8.5,3.737,3.0,2.725,0.378,2.637,2.374,2.0,1.769,0.007,6.435,0.196,4.612,0.453,12.497,0.815,3.263,2.111,0.092,6.042,0.859,0.974,16.0,18.0,14.536,0.482,24.5
113,twalthr,Human,0.963,100,68,10,4,0.667,14.646,0.072,51.182,0.915,11.333,1.5,0.735,2.5,2.0,1.0,1.549,0.333,5.667,8.094,4.75,34.108,0.0,78.689,17.438,51.996,0.018,111.051,0.817,35.321,26.15,0.323,68.832,0.864,4.111,6.8,2.0,12.435,0.674,4.0
114,bnomei,Human,0.767,100,93,7,37,0.712,5.548,0.113,20.941,0.848,1.788,1.0,0.403,0.0,1.25,1.0,0.738,0.178,1.603,1.578,0.0,0.627,0.0,2.972,0.0,8.318,0.38,26.221,0.809,7.212,4.626,2.051,5.997,0.645,7.091,13.286,3.0,18.136,0.618,20.0
115,libotony,Human,0.922,100,73,10,2,0.286,9.622,0.255,23.429,0.851,10.429,7.0,0.477,6.0,3.714,3.0,3.147,0.407,2.355,1.624,2.0,7.449,0.024,24.133,0.909,15.396,1.209,28.622,0.769,17.841,11.607,1.136,24.792,0.809,10.47,7.3,4.0,7.499,0.511,8.75
116,ramya-rao-a,Unknown,-,0,-,-,-,-,-,-,-,-,-,-,-,-,-,-,-,-,-,-,-,-,-,-,-,-,-,-,-,-,-,-,-,-,-,-,-,-,-,-
117,anthonypkeane,Unknown,-,8,8,2,1,1.0,108.523,25.791,172.596,0.646,8.0,8.0,0.0,0.0,2.0,2.0,0.0,0.0,8.0,0.0,0.0,759.663,759.663,0.0,0.0,,,0.0,0.0,,61.168,47.235,49.668,0.37,61.185,4.0,4.0,0.0,0.0,0.0
118,Hirse,Unknown,-,0,-,-,-,-,-,-,-,-,-,-,-,-,-,-,-,-,-,-,-,-,-,-,-,-,-,-,-,-,-,-,-,-,-,-,-,-,-,-
119,EmmaJP,Unknown,-,0,-,-,-,-,-,-,-,-,-,-,-,-,-,-,-,-,-,-,-,-,-,-,-,-,-,-,-,-,-,-,-,-,-,-,-,-,-,-
120,schmidt-sebastian,Human,0.722,38,33,8,1,0.5,26.28,2.959,48.568,0.775,16.5,16.5,0.197,6.5,5.0,5.0,0.0,0.0,3.667,2.828,2.0,59.334,0.054,118.3,76.38,38.367,20.228,55.793,0.625,29.747,31.847,4.46,53.497,0.738,22.541,4.125,3.0,2.748,0.299,1.5
121,ondrejmirtes,Human,0.912,100,77,9,5,0.455,0.882,0.023,3.653,0.932,7.0,1.0,0.725,2.5,1.818,1.0,1.537,0.345,2.484,2.606,2.0,0.795,0.0,3.628,0.034,1.413,0.034,4.52,0.9,0.132,0.663,0.019,3.192,0.94,0.072,8.556,6.0,7.248,0.439,14.0
122,k-okada,Human,0.928,63,57,8,9,0.474,29.291,0.095,78.337,0.884,3.0,1.0,0.534,2.0,1.421,1.0,0.607,0.199,1.966,4.101,0.0,0.755,0.0,3.197,0.0,57.799,0.527,103.948,0.777,83.038,48.314,0.139,96.104,0.804,40.704,7.125,3.0,10.999,0.564,2.75
123,jliexpensify,Bot,0.06,200,179,6,1,1.0,4.92,0.523,10.853,0.796,179.0,179.0,0.0,0.0,6.0,6.0,0.0,0.0,179.0,0.0,0.0,875.839,875.839,0.0,0.0,,,0.0,0.0,,6.243,1.002,13.609,0.806,3.984,29.833,3.0,56.237,0.725,17.25
124,auduchinok,Human,0.938,200,174,10,3,0.75,5.089,0.026,17.538,0.882,43.5,22.5,0.586,56.0,4.25,4.5,2.754,0.309,6.444,12.361,3.0,13.34,0.025,29.054,5.133,20.008,4.953,37.58,0.699,22.689,10.213,0.847,24.853,0.798,13.192,17.4,11.5,20.304,0.464,8.5
125,postamar,Invalid,-,-,-,-,-,-,-,-,-,-,-,-,-,-,-,-,-,-,-,-,-,-,-,-,-,-,-,-,-,-,-,-,-,-,-,-,-,-,-,-
126,sanders41,Human,0.929,100,83,10,5,0.417,0.682,0.012,2.939,0.936,6.917,3.0,0.607,1.5,3.167,3.0,2.038,0.32,5.188,7.139,4.5,1.879,0.002,7.192,0.105,1.722,0.051,3.993,0.833,0.536,0.704,0.011,2.992,0.937,0.068,8.3,7.0,6.343,0.408,8.25
127,caridy,Human,0.888,13,13,4,3,1.0,34.939,0.277,72.65,0.786,4.333,1.0,0.513,5.0,1.667,1.0,1.155,0.267,3.25,3.862,2.75,26.77,0.033,53.496,26.804,104.063,59.86,131.5,0.537,125.804,100.024,47.98,133.745,0.56,125.922,3.25,2.0,3.304,0.442,3.25
128,cliedeman,Human,0.953,100,92,14,6,0.667,8.039,0.031,20.039,0.843,10.222,3.0,0.652,8.0,2.222,2.0,1.563,0.311,3.407,5.976,2.0,10.766,0.0,42.627,0.212,16.957,1.851,27.864,0.741,20.485,11.372,0.032,23.287,0.798,9.684,6.571,4.0,10.508,0.581,2.0
129,Amejia481,,1.0,-,-,-,-,-,-,-,-,-,-,-,-,-,-,-,-,-,-,-,-,-,-,-,-,-,-,-,-,-,-,-,-,-,-,-,-,-,-,-
130,carloslancha,Unknown,-,0,-,-,-,-,-,-,-,-,-,-,-,-,-,-,-,-,-,-,-,-,-,-,-,-,-,-,-,-,-,-,-,-,-,-,-,-,-,-
131,lhofhansl,Human,0.944,100,93,11,6,0.6,19.703,4.348,38.21,0.731,9.3,3.5,0.631,9.0,2.4,1.5,2.221,0.408,1.938,2.964,0.25,19.09,0.0,69.041,0.008,19.071,1.218,32.937,0.751,25.665,17.324,2.989,29.363,0.728,20.654,8.455,6.0,10.549,0.489,5.0
132,vmg,Human,0.945,84,72,10,30,0.968,29.9,10.044,66.609,0.758,2.323,1.0,0.537,0.0,1.355,1.0,1.38,0.246,1.6,1.924,0.0,2.11,0.0,13.569,0.0,46.091,19.931,80.457,0.657,46.645,32.047,7.121,77.403,0.791,29.021,7.2,4.0,7.8,0.525,8.5
133,brizental,Unknown,-,0,-,-,-,-,-,-,-,-,-,-,-,-,-,-,-,-,-,-,-,-,-,-,-,-,-,-,-,-,-,-,-,-,-,-,-,-,-,-
134,maintainer-s-little-helper[bot],Bot,1.0,-,-,-,-,-,-,-,-,-,-,-,-,-,-,-,-,-,-,-,-,-,-,-,-,-,-,-,-,-,-,-,-,-,-,-,-,-,-,-
135,mislav,Human,0.955,86,69,11,5,0.556,32.178,0.048,75.078,0.832,7.667,5.0,0.48,13.0,2.556,1.0,2.744,0.454,2.226,1.283,2.0,21.047,0.0,75.343,0.124,51.189,1.594,80.103,0.717,105.283,42.288,0.047,84.423,0.791,52.239,6.273,5.0,5.12,0.406,6.0
136,jamescodeorg,Unknown,-,0,-,-,-,-,-,-,-,-,-,-,-,-,-,-,-,-,-,-,-,-,-,-,-,-,-,-,-,-,-,-,-,-,-,-,-,-,-,-
137,AlekseyTs,Human,0.947,100,71,10,3,0.6,3.377,0.195,10.642,0.867,14.2,1.0,0.715,5.0,2.8,1.0,3.493,0.486,3.944,4.263,4.0,11.398,0.0,23.721,15.099,1.839,0.83,3.17,0.695,1.472,4.04,0.225,11.934,0.852,1.609,7.1,4.0,7.31,0.469,4.75
138,MikeMcC399,Human,0.876,100,97,11,4,0.267,1.943,0.119,4.598,0.827,6.467,7.0,0.388,6.5,2.667,3.0,1.397,0.27,1.702,1.18,1.0,0.484,0.0,2.294,0.082,2.838,0.409,5.415,0.77,2.586,2.477,0.16,5.273,0.811,1.319,8.818,6.0,9.786,0.504,4.5
139,boswelja,Human,0.927,100,63,8,5,0.556,4.896,0.012,15.763,0.911,7.0,3.0,0.575,6.0,2.222,2.0,1.481,0.333,3.938,5.938,2.25,1.764,0.0,5.964,0.616,18.354,2.346,28.05,0.704,24.93,9.417,0.252,22.699,0.848,2.337,7.875,3.0,12.076,0.585,2.75
140,jc-berger,Human,0.818,100,78,8,2,1.0,0.963,0.019,3.069,0.898,39.0,39.0,0.462,36.0,4.5,4.5,4.95,0.389,11.143,17.668,11.5,7.545,0.0,17.068,3.385,3.554,0.341,5.292,0.667,7.102,1.013,0.02,3.052,0.885,0.343,9.75,9.0,6.018,0.321,5.5
141,wraithgar,Human,0.947,100,77,11,4,0.333,2.545,0.043,10.023,0.921,6.417,1.5,0.642,3.75,2.417,1.0,2.746,0.463,2.484,1.589,2.0,0.905,0.006,3.58,0.135,5.513,0.117,15.327,0.873,1.473,2.541,0.046,10.431,0.925,0.347,7.0,5.0,6.753,0.491,10.0
142,marcelklehr,Human,0.933,100,80,13,4,0.25,0.91,0.083,2.953,0.843,5.0,2.0,0.542,6.5,2.875,1.5,2.419,0.421,2.286,2.257,1.0,0.618,0.0,2.682,0.017,1.478,0.45,3.859,0.795,0.872,1.021,0.057,3.267,0.862,0.523,6.154,6.0,4.705,0.39,5.0
143,paulineribeyre,Human,0.793,100,86,10,1,0.091,6.523,0.068,20.94,0.908,7.818,5.0,0.467,9.5,3.455,3.0,2.207,0.335,2.457,2.305,2.0,1.658,0.002,8.319,0.154,14.6,0.281,30.552,0.812,17.779,6.22,0.048,20.582,0.909,0.337,8.6,6.0,9.559,0.479,6.5
144,icco,Human,0.921,100,86,10,12,0.545,5.686,0.182,9.761,0.763,3.909,1.0,0.633,1.0,1.545,1.0,1.371,0.302,2.0,2.309,1.0,2.099,0.0,9.248,0.013,9.359,2.853,11.095,0.616,16.903,5.13,0.107,8.562,0.753,8.816,8.6,3.5,12.267,0.605,9.0
145,anthonychu,Human,0.695,81,77,6,4,0.4,25.509,7.745,40.344,0.713,7.7,2.0,0.687,1.5,2.0,2.0,0.667,0.16,3.348,3.256,3.0,47.529,0.001,90.135,27.548,38.435,17.87,47.503,0.609,55.737,25.601,4.754,42.853,0.726,25.844,12.833,6.5,18.368,0.552,2.5
146,thescientist13,Human,0.935,100,87,14,10,0.714,2.829,0.168,5.577,0.792,6.214,1.5,0.692,2.75,2.786,1.0,2.914,0.467,2.486,2.954,2.0,2.522,0.0,8.383,0.162,4.559,1.188,6.016,0.655,6.18,3.017,0.168,5.91,0.791,1.967,6.214,4.0,6.647,0.459,4.25
147,rgstephens,Bot,0.767,100,96,3,1,1.0,6.566,1.951,9.196,0.668,96.0,96.0,0.0,0.0,3.0,3.0,0.0,0.0,96.0,0.0,0.0,623.798,623.798,0.0,0.0,,,0.0,0.0,,3.304,0.124,5.596,0.725,4.429,32.0,4.0,48.497,0.583,42.0
148,JoeRobich,Human,0.428,299,287,8,2,0.4,0.579,0.0,5.278,0.976,57.4,3.0,0.751,9.0,3.6,2.0,2.702,0.356,14.35,51.99,2.0,2.46,0.126,5.837,0.782,6.125,0.404,19.205,0.866,1.186,3.814,0.257,13.606,0.886,0.832,35.875,8.5,79.718,0.725,5.5
149,cekk,Human,0.91,100,95,8,4,0.308,5.314,0.055,14.476,0.875,7.308,6.0,0.301,4.0,3.308,3.0,1.653,0.268,2.262,1.754,1.0,2.086,0.006,9.666,0.106,10.046,1.521,18.711,0.766,16.031,5.403,0.02,14.96,0.885,0.759,11.875,6.5,14.759,0.546,10.25
150,takluyver,Human,0.945,100,76,12,8,0.571,3.682,0.153,8.499,0.84,5.429,2.0,0.528,5.0,2.714,2.0,2.301,0.395,2.452,2.987,1.0,1.661,0.002,5.684,0.454,7.488,1.29,11.501,0.709,13.44,4.112,0.09,9.008,0.829,2.08,6.333,4.5,5.28,0.439,8.25
151,volosied,Human,0.953,100,92,10,4,0.571,8.271,0.257,24.516,0.869,13.143,12.0,0.435,18.5,2.714,2.0,2.43,0.376,1.736,1.163,1.0,3.827,0.0,16.627,0.146,10.574,1.034,27.825,0.847,4.091,10.235,0.531,27.771,0.858,3.941,9.2,7.0,9.705,0.5,8.5
152,bdach,Human,0.937,100,90,12,5,0.455,1.066,0.142,2.628,0.808,8.182,2.0,0.677,4.5,2.455,2.0,2.296,0.377,1.837,1.375,1.0,1.1,0.0,3.134,0.136,0.854,0.12,2.036,0.79,0.664,1.083,0.214,2.565,0.789,0.799,7.5,6.0,5.87,0.413,8.25
153,donat,Human,0.868,254,233,10,1,0.5,3.231,0.072,14.698,0.912,116.5,116.5,0.487,113.5,6.0,6.0,5.657,0.333,46.6,98.622,3.0,145.418,2.298,301.131,41.564,5.628,1.073,9.86,0.698,6.412,4.045,0.107,16.752,0.9,1.281,23.3,12.0,24.689,0.512,22.5
154,matei-radu,Human,0.912,37,37,6,11,0.917,31.176,0.497,108.386,0.87,3.083,1.0,0.588,0.0,1.417,1.0,1.443,0.27,2.643,3.365,0.0,22.056,0.0,56.002,0.0,62.581,0.869,177.365,0.862,21.58,65.37,0.869,192.994,0.869,17.11,6.167,1.0,8.727,0.608,7.5
155,eregon,Human,0.9,100,74,11,8,0.5,0.987,0.054,3.195,0.886,4.625,3.0,0.468,4.5,2.312,2.0,1.493,0.323,1.762,1.411,1.0,0.152,0.0,0.488,0.059,1.601,0.1,4.157,0.855,0.412,1.083,0.072,3.492,0.89,0.187,6.727,5.0,6.035,0.44,6.0
156,rdhananjaya,Unknown,-,1,1,1,1,1.0,,,0.0,0.0,1.0,1.0,0.0,0.0,1.0,1.0,0.0,0.0,1.0,0.0,0.0,0.0,0.0,0.0,0.0,,,0.0,0.0,,,,0.0,0.0,,1.0,1.0,0.0,0.0,0.0
157,domi4484,Human,0.953,100,86,11,6,0.857,4.0,0.165,10.264,0.857,12.286,6.0,0.502,21.0,3.714,3.0,2.984,0.407,4.778,4.953,5.5,7.388,0.41,23.386,0.993,12.176,2.858,18.485,0.702,10.359,5.406,0.204,12.441,0.84,1.833,7.818,6.0,7.414,0.436,4.0
158,korenevskiy,Human,0.841,100,96,7,27,0.844,13.508,0.135,32.98,0.833,3.0,1.0,0.58,0.0,1.219,1.0,0.491,0.15,2.4,3.373,0.25,1.852,0.0,7.403,0.005,31.004,18.384,46.004,0.653,38.289,23.218,3.73,42.937,0.741,29.738,13.714,4.0,19.397,0.607,13.0
159,pooza,Human,0.826,100,97,9,1,0.333,1.708,0.02,7.53,0.944,32.333,3.0,0.605,44.0,4.0,2.0,4.359,0.444,16.167,21.554,17.25,10.197,4.161,14.323,14.568,20.551,9.75,22.515,0.507,19.531,2.908,0.075,8.21,0.888,0.162,10.778,3.0,20.879,0.674,5.0
160,Suremaker,Unknown,-,4,4,1,1,1.0,8.832,0.593,14.279,0.622,4.0,4.0,0.0,0.0,1.0,1.0,0.0,0.0,4.0,0.0,0.0,26.496,26.496,0.0,0.0,,,0.0,0.0,,,,0.0,0.0,,4.0,4.0,0.0,0.0,0.0
161,rishikrsharma,Human,0.452,282,262,8,1,0.083,3.613,0.256,11.315,0.869,21.833,12.0,0.587,28.0,3.833,4.0,2.552,0.351,1.955,2.07,1.0,1.121,0.0,4.415,0.012,5.961,0.448,15.06,0.83,3.033,4.107,0.229,13.268,0.883,1.205,32.75,23.0,33.328,0.48,17.0
162,Siedlerchr,Human,0.949,100,91,12,21,0.875,1.578,0.059,4.11,0.852,3.792,1.0,0.696,0.0,1.667,1.0,2.12,0.362,2.6,3.942,1.0,1.629,0.0,5.993,0.015,2.498,0.426,4.66,0.749,2.567,2.039,0.186,4.211,0.788,1.616,7.583,5.5,7.025,0.433,4.25
163,Lubrsi,Unknown,-,1,1,1,1,1.0,,,0.0,0.0,1.0,1.0,0.0,0.0,1.0,1.0,0.0,0.0,1.0,0.0,0.0,0.0,0.0,0.0,0.0,,,0.0,0.0,,,,0.0,0.0,,1.0,1.0,0.0,0.0,0.0
164,krmayankk,Unknown,-,0,-,-,-,-,-,-,-,-,-,-,-,-,-,-,-,-,-,-,-,-,-,-,-,-,-,-,-,-,-,-,-,-,-,-,-,-,-,-
165,anuraghazra,Human,0.962,100,81,14,14,1.0,12.895,0.09,28.605,0.821,5.786,1.0,0.766,0.0,1.714,1.0,2.673,0.387,3.682,6.335,1.0,13.251,0.0,42.671,0.031,35.244,22.669,42.002,0.548,37.24,14.415,0.384,30.194,0.804,15.624,5.786,6.0,4.191,0.391,7.75
166,KeesCBakker,Human,0.95,33,33,6,4,0.8,58.402,0.126,164.066,0.885,6.6,1.0,0.618,5.0,1.8,1.0,1.095,0.267,5.5,7.396,4.5,58.984,0.026,135.939,13.335,302.992,286.601,304.773,0.481,323.602,154.614,17.873,244.331,0.686,298.972,5.5,2.0,9.094,0.611,1.5
167,sumeerbhola,Human,0.878,100,100,8,3,0.75,1.476,0.241,3.976,0.821,25.0,19.0,0.535,40.5,2.5,1.5,2.38,0.4,2.174,1.913,1.75,1.798,0.0,4.49,1.395,1.409,0.306,4.017,0.807,0.91,1.891,0.311,4.588,0.809,1.058,12.5,12.0,9.103,0.382,12.0
168,repo-lockdown[bot],Bot,1.0,-,-,-,-,-,-,-,-,-,-,-,-,-,-,-,-,-,-,-,-,-,-,-,-,-,-,-,-,-,-,-,-,-,-,-,-,-,-,-
169,stuartarchibald,Human,0.893,100,89,9,2,0.4,19.11,0.05,105.815,0.968,17.8,2.0,0.728,4.0,2.8,2.0,2.49,0.4,5.933,11.304,1.0,60.634,0.0,175.34,0.172,55.156,0.154,198.849,0.922,0.692,41.699,0.127,166.159,0.94,0.232,9.889,4.0,15.178,0.632,9.0
170,prb112,Human,0.922,100,82,10,10,0.455,7.248,0.609,15.876,0.799,3.727,2.0,0.511,4.25,1.455,1.0,0.671,0.216,1.952,2.071,1.0,2.943,0.0,13.894,0.03,11.304,3.79,16.667,0.656,19.826,11.617,1.803,19.883,0.722,19.824,8.2,3.0,10.612,0.573,10.0
171,nafur,Human,0.826,16,16,5,3,1.0,56.7,1.97,104.141,0.776,5.333,3.0,0.458,5.5,2.0,1.0,1.732,0.333,4.0,2.944,2.5,88.077,2.367,173.003,87.272,166.061,165.703,108.388,0.29,108.388,68.009,9.669,118.48,0.742,49.236,3.2,3.0,1.789,0.25,0.0
172,hemanttanwar,Unknown,-,0,-,-,-,-,-,-,-,-,-,-,-,-,-,-,-,-,-,-,-,-,-,-,-,-,-,-,-,-,-,-,-,-,-,-,-,-,-,-
173,rovere,Human,0.821,100,95,6,3,0.6,14.253,0.322,28.676,0.802,19.0,5.0,0.573,28.0,1.8,1.0,1.304,0.311,5.0,6.856,4.0,40.507,0.136,87.631,46.078,31.672,17.039,44.186,0.665,43.112,26.104,1.927,40.549,0.722,45.658,15.833,9.0,15.303,0.468,20.5
174,mjvankampen,Human,0.867,12,12,5,6,0.857,109.057,0.118,219.907,0.802,1.714,1.0,0.286,1.0,1.429,1.0,0.535,0.171,1.333,1.0,0.0,0.059,0.0,0.176,0.0,149.887,1.308,249.196,0.729,220.332,63.389,0.278,121.196,0.778,49.014,2.4,2.0,0.548,0.1,1.0
175,maestromac,Unknown,-,9,9,1,9,1.0,220.431,73.128,318.522,0.644,1.0,1.0,0.0,0.0,1.0,1.0,0.0,0.0,1.0,0.0,0.0,0.0,0.0,0.0,0.0,220.431,73.128,318.522,0.644,291.639,,,0.0,0.0,,9.0,9.0,0.0,0.0,0.0
176,edx-deployment,Unknown,-,0,-,-,-,-,-,-,-,-,-,-,-,-,-,-,-,-,-,-,-,-,-,-,-,-,-,-,-,-,-,-,-,-,-,-,-,-,-,-
177,roobre,Human,0.913,100,70,9,4,0.667,0.809,0.052,2.261,0.834,11.667,3.5,0.648,10.5,2.667,2.0,1.966,0.354,5.385,8.006,3.0,1.925,0.036,4.632,1.004,2.566,1.389,3.959,0.594,1.886,0.894,0.059,2.536,0.821,0.461,7.778,2.0,11.606,0.632,3.0
178,dannycranmer,Human,0.83,44,34,8,2,0.5,40.759,0.019,152.38,0.934,8.5,5.5,0.382,5.0,3.0,2.0,2.0,0.25,2.125,1.821,1.25,44.827,0.001,174.014,0.274,41.854,0.022,142.771,0.917,0.155,30.297,0.022,120.921,0.938,0.136,4.25,4.0,2.121,0.228,1.25
179,mwalbeck,Bot,0.832,100,100,3,1,0.111,3.16,0.098,9.268,0.851,11.111,9.0,0.273,3.0,2.778,3.0,0.667,0.071,2.083,1.412,2.0,2.042,0.0,7.489,0.015,4.572,0.5,11.085,0.818,3.134,4.117,0.121,10.917,0.821,1.991,33.333,27.0,16.442,0.207,15.5
180,cynepco3hahue,Unknown,-,5,5,5,3,1.0,420.18,24.061,808.589,0.736,1.667,1.0,0.267,1.0,1.667,1.0,1.155,0.267,1.667,1.155,1.0,0.011,0.0,0.018,0.016,840.343,840.343,1120.402,0.471,792.244,420.18,24.061,808.589,0.736,444.203,1.0,1.0,0.0,0.0,0.0
181,tribou,Human,0.023,100,100,4,28,1.0,20.755,0.246,51.611,0.793,3.571,1.0,0.694,0.0,1.071,1.0,0.378,0.064,2.703,4.754,0.0,6.155,0.0,17.795,0.0,50.751,28.438,76.674,0.649,61.512,13.109,0.139,28.667,0.768,12.422,25.0,28.0,17.512,0.32,12.0
182,romac,Human,0.95,100,93,13,19,0.633,5.23,0.184,11.718,0.816,3.1,1.0,0.583,1.0,1.733,1.0,1.964,0.373,1.632,1.219,1.0,0.368,0.0,2.263,0.007,8.217,2.174,14.102,0.725,9.834,7.43,0.253,13.751,0.761,9.3,7.154,4.0,10.197,0.556,4.0
183,atheeshp,Human,0.947,156,139,8,5,0.714,14.948,0.192,58.386,0.916,19.857,2.0,0.779,1.0,2.429,2.0,2.07,0.336,9.929,27.401,1.0,80.643,0.0,172.754,1.172,71.837,3.803,158.403,0.802,46.604,31.325,0.292,101.185,0.9,3.108,17.375,6.5,29.369,0.675,11.0
184,agrimmer,Human,0.93,35,31,10,2,0.5,56.599,5.721,102.332,0.766,7.75,2.0,0.621,7.75,3.0,1.0,4.0,0.5,4.429,6.106,4.0,85.882,0.0,147.867,131.088,182.801,165.918,163.304,0.452,278.206,49.999,5.554,98.705,0.788,23.092,3.1,2.0,3.604,0.448,1.5
185,lucabelluccini,Human,0.947,100,88,12,7,0.333,12.043,1.922,25.656,0.779,4.19,1.0,0.574,3.0,2.095,1.0,1.786,0.383,1.571,1.704,1.0,2.956,0.0,13.838,0.014,16.04,2.917,28.995,0.71,17.512,12.85,2.001,26.867,0.759,17.373,7.333,5.0,7.139,0.475,5.5
186,abodea,Bot,0.451,52,50,3,1,1.0,41.19,2.024,87.791,0.782,50.0,50.0,0.0,0.0,3.0,3.0,0.0,0.0,50.0,0.0,0.0,2018.297,2018.297,0.0,0.0,,,0.0,0.0,,67.505,24.303,106.098,0.694,57.191,16.667,6.0,20.232,0.48,18.0
187,yowainwright,Human,0.795,100,85,7,8,0.4,3.144,0.01,10.687,0.916,4.25,3.5,0.421,6.0,2.7,2.5,1.625,0.326,2.361,1.775,1.0,0.815,0.0,3.759,0.001,6.708,0.087,15.549,0.836,3.482,3.256,0.008,10.94,0.916,0.091,12.143,16.0,5.815,0.235,10.0
188,diracdeltas,Human,0.931,100,80,10,4,0.267,10.791,0.09,27.626,0.844,5.333,2.0,0.628,3.0,2.133,1.0,1.885,0.379,1.86,2.232,1.0,4.073,0.0,17.968,0.005,16.128,0.701,32.788,0.78,13.587,13.307,0.157,30.939,0.828,6.725,8.0,8.0,2.708,0.18,2.75
189,opichals,Unknown,-,2,2,2,2,1.0,0.024,0.024,0.0,0.0,1.0,1.0,0.0,0.0,1.0,1.0,0.0,0.0,1.0,0.0,0.0,0.0,0.0,0.0,0.0,0.024,0.024,0.0,0.0,0.0,0.024,0.024,0.0,0.0,0.0,1.0,1.0,0.0,0.0,0.0
190,JonChesterfield,Human,0.96,75,66,12,4,0.667,25.999,0.632,71.874,0.87,11.0,5.5,0.53,17.5,2.667,2.0,2.251,0.375,3.474,3.47,3.0,64.087,0.027,140.132,4.5,26.238,0.512,83.234,0.866,14.472,28.008,0.153,87.28,0.884,12.148,5.5,2.5,8.437,0.593,4.5
191,zooba,Human,0.947,100,83,10,3,0.375,3.259,0.099,13.238,0.907,10.375,6.5,0.544,7.5,2.875,2.5,2.1,0.364,2.371,3.154,1.0,1.778,0.0,5.073,0.176,6.03,0.147,19.879,0.896,1.409,3.864,0.095,16.054,0.919,0.9,8.3,4.0,7.543,0.442,9.5
192,Ghostkeeper,Human,0.878,17,17,5,2,0.667,93.873,1.404,179.188,0.793,5.667,1.0,0.549,7.0,2.0,1.0,1.732,0.333,4.25,5.852,3.75,51.458,0.251,102.581,51.708,432.046,398.838,136.059,0.137,132.985,162.847,1.912,236.806,0.677,277.906,3.4,1.0,5.367,0.565,0.0
193,blacktop,Human,0.93,100,97,14,5,0.312,2.324,0.013,5.766,0.856,6.062,3.0,0.538,6.0,1.938,1.0,1.569,0.357,2.205,2.141,1.0,0.821,0.0,3.445,0.002,4.349,0.749,7.657,0.758,3.976,3.28,0.011,7.249,0.833,1.396,6.929,3.0,15.44,0.687,3.0
194,RamjotSingh,Unknown,-,3,3,1,2,1.0,669.686,669.686,894.227,0.472,1.5,1.5,0.167,0.5,1.0,1.0,0.0,0.0,1.5,0.707,0.5,18.686,18.686,26.426,18.686,1302.0,1302.0,0.0,0.0,0.0,,,0.0,0.0,,3.0,3.0,0.0,0.0,0.0
195,chrwhit,Unknown,-,0,-,-,-,-,-,-,-,-,-,-,-,-,-,-,-,-,-,-,-,-,-,-,-,-,-,-,-,-,-,-,-,-,-,-,-,-,-,-
196,m-nash,Human,0.948,100,82,10,4,0.8,10.645,0.112,67.048,0.951,16.4,15.0,0.537,16.0,3.4,3.0,2.881,0.4,2.343,2.3,1.5,23.093,0.0,110.66,0.265,1.587,0.289,4.005,0.793,0.702,13.977,0.245,80.017,0.942,0.757,8.2,4.5,7.871,0.454,8.75
197,chessai,Human,0.934,100,94,9,7,0.7,14.469,1.898,30.556,0.781,9.4,2.0,0.726,4.0,2.7,1.5,2.497,0.433,3.357,4.507,2.25,35.045,0.006,108.149,19.396,13.496,8.484,18.638,0.613,15.288,14.327,2.198,28.14,0.761,14.929,10.444,9.0,11.315,0.459,5.0
198,jbrockopp,Human,0.883,18,17,7,3,0.75,57.009,0.381,133.129,0.839,4.25,3.5,0.191,1.75,2.75,2.5,0.957,0.159,2.125,1.458,2.0,30.837,0.012,76.072,8.437,95.065,0.384,185.588,0.768,79.685,51.604,0.378,140.033,0.87,2.779,2.429,3.0,1.397,0.286,2.5
199,codelipenghui,Human,0.942,100,76,10,4,0.5,17.606,0.793,30.315,0.761,9.5,3.0,0.651,6.0,2.75,2.0,2.435,0.409,2.533,2.738,2.0,19.938,0.0,54.454,0.961,24.908,8.695,32.13,0.636,37.398,18.013,0.864,26.951,0.714,28.039,7.6,3.5,8.592,0.542,8.0
200,laurensimpson14,Unknown,-,0,-,-,-,-,-,-,-,-,-,-,-,-,-,-,-,-,-,-,-,-,-,-,-,-,-,-,-,-,-,-,-,-,-,-,-,-,-,-
201,Rumyra,Human,0.948,84,76,10,3,0.5,28.801,0.04,85.94,0.9,12.667,3.5,0.684,5.5,3.0,2.5,2.608,0.389,3.304,4.172,2.5,34.647,0.0,88.954,0.265,61.965,1.629,131.368,0.81,40.622,55.348,0.452,113.472,0.809,45.522,7.6,4.0,11.345,0.566,5.25
202,t-vi,Human,0.243,281,224,11,1,1.0,1.754,0.035,6.014,0.864,224.0,224.0,0.0,0.0,11.0,11.0,0.0,0.0,224.0,0.0,0.0,391.086,391.086,0.0,0.0,,,0.0,0.0,,1.924,0.024,6.496,0.869,0.821,20.364,21.0,12.299,0.33,19.5
203,ivan100sic,Unknown,-,1,1,1,1,1.0,,,0.0,0.0,1.0,1.0,0.0,0.0,1.0,1.0,0.0,0.0,1.0,0.0,0.0,0.0,0.0,0.0,0.0,,,0.0,0.0,,,,0.0,0.0,,1.0,1.0,0.0,0.0,0.0
204,waitingsong,Human,0.821,200,197,8,4,0.235,2.678,0.104,13.003,0.928,11.588,4.0,0.601,9.0,2.0,2.0,0.935,0.246,2.814,4.321,1.0,4.659,0.0,20.034,0.114,2.88,0.106,11.633,0.904,0.416,2.747,0.112,7.589,0.864,0.362,24.625,3.0,56.503,0.78,8.5
205,kbruniec,Unknown,-,0,-,-,-,-,-,-,-,-,-,-,-,-,-,-,-,-,-,-,-,-,-,-,-,-,-,-,-,-,-,-,-,-,-,-,-,-,-,-
206,Jag96,Unknown,-,0,-,-,-,-,-,-,-,-,-,-,-,-,-,-,-,-,-,-,-,-,-,-,-,-,-,-,-,-,-,-,-,-,-,-,-,-,-,-
207,Xaymar,Human,0.946,100,100,11,12,0.8,17.868,0.065,66.786,0.923,6.667,1.0,0.72,2.5,1.467,1.0,1.125,0.273,5.0,8.826,3.0,8.839,0.0,23.306,0.797,83.797,21.646,134.551,0.707,88.222,28.877,0.183,54.878,0.781,44.048,9.091,3.0,17.621,0.676,3.5
208,9renpoto,Bot,0.746,100,85,3,1,1.0,0.164,0.012,0.424,0.826,85.0,85.0,0.0,0.0,3.0,3.0,0.0,0.0,85.0,0.0,0.0,13.815,13.815,0.0,0.0,,,0.0,0.0,,0.246,0.065,0.519,0.77,0.195,28.333,15.0,23.094,0.314,20.0
209,jdevries3133,Bot,0.511,56,56,2,1,0.167,34.949,0.208,117.237,0.918,9.333,3.0,0.607,7.25,1.167,1.0,0.408,0.119,3.111,2.676,4.5,18.837,0.104,71.358,0.496,93.126,0.243,194.402,0.819,22.43,38.423,38.423,54.242,0.499,38.355,28.0,28.0,35.355,0.446,25.0
210,alfetopito,Human,0.9,100,85,12,2,0.4,1.66,0.035,8.123,0.932,17.0,2.0,0.725,4.0,4.0,2.0,4.243,0.48,7.727,9.911,9.0,10.648,0.545,26.901,2.939,2.23,0.221,4.606,0.792,0.356,2.404,0.056,9.886,0.917,0.424,7.083,5.5,5.728,0.409,5.25
211,Gbuomprisco,Human,0.871,18,17,4,5,0.833,132.315,53.445,177.698,0.636,2.833,1.0,0.441,3.75,1.167,1.0,0.408,0.119,2.125,1.885,1.5,99.527,0.0,184.498,95.302,188.69,105.683,217.287,0.504,155.446,174.198,53.485,265.608,0.626,78.844,4.25,2.0,5.188,0.485,2.75
212,neilime,Human,0.93,100,75,12,7,0.538,4.523,0.005,18.556,0.944,5.769,4.0,0.529,5.0,2.692,2.0,1.888,0.325,3.261,3.467,2.0,0.085,0.0,0.196,0.047,15.126,0.093,32.083,0.822,8.667,4.446,0.004,19.115,0.949,0.061,6.25,2.0,9.156,0.626,3.75
213,sweeneyde,Human,0.899,35,34,7,2,0.5,44.016,1.816,184.427,0.901,8.5,1.5,0.647,8.0,2.25,1.0,2.5,0.417,6.8,10.803,3.0,55.177,0.915,118.833,7.287,294.163,56.76,514.89,0.7,347.901,88.812,5.691,271.222,0.87,32.537,4.857,1.0,7.081,0.605,4.5
214,clamoriniere,Human,0.9,200,150,9,2,0.25,10.648,0.552,39.561,0.875,18.75,14.0,0.577,19.75,3.625,4.0,2.387,0.341,3.846,3.717,4.0,14.187,0.168,29.267,9.77,27.193,3.428,72.234,0.804,18.492,14.003,0.907,49.845,0.874,4.802,16.667,10.0,15.508,0.474,24.0
215,gaborgsomogyi,Human,0.772,100,77,7,2,0.5,14.487,0.393,32.662,0.828,19.25,10.5,0.588,27.75,2.25,1.5,1.893,0.361,2.567,2.388,1.0,18.129,0.016,47.602,1.598,19.213,0.974,31.947,0.747,42.78,15.336,0.661,28.693,0.788,17.976,11.0,6.0,8.926,0.39,12.0
216,jsnajdr,Human,0.916,100,68,10,2,0.667,4.498,0.575,11.273,0.816,22.667,4.0,0.569,29.0,4.667,3.0,3.786,0.333,9.714,17.839,3.0,29.474,0.214,75.738,2.436,15.843,3.107,25.984,0.69,15.595,5.842,0.575,13.208,0.807,2.825,6.8,4.0,8.509,0.547,3.75
217,Martin-Grunewald,Human,0.919,100,77,8,3,0.75,27.123,0.562,66.243,0.835,19.25,15.0,0.49,27.25,2.75,2.0,1.5,0.205,3.5,3.433,5.0,27.244,0.012,76.616,20.465,69.616,20.91,107.695,0.694,75.251,53.282,6.012,95.174,0.748,58.344,9.625,5.0,10.419,0.541,16.0
218,pineappleEA,Unknown,-,0,-,-,-,-,-,-,-,-,-,-,-,-,-,-,-,-,-,-,-,-,-,-,-,-,-,-,-,-,-,-,-,-,-,-,-,-,-,-
219,xuyifangreeneyes,Unknown,-,1,1,1,1,1.0,,,0.0,0.0,1.0,1.0,0.0,0.0,1.0,1.0,0.0,0.0,1.0,0.0,0.0,0.0,0.0,0.0,0.0,,,0.0,0.0,,,,0.0,0.0,,1.0,1.0,0.0,0.0,0.0
220,hyunwoongko,Human,0.91,10,10,5,5,0.833,104.984,16.451,186.322,0.731,1.667,1.5,0.233,1.0,1.333,1.0,0.516,0.167,1.429,0.787,0.5,0.145,0.0,0.377,0.007,157.307,80.966,213.751,0.598,134.42,143.505,47.286,221.961,0.676,160.004,2.0,1.0,1.414,0.32,2.0
221,iherman,Human,0.872,200,178,14,2,0.105,3.212,0.05,9.086,0.853,9.368,6.0,0.493,7.5,3.895,4.0,2.622,0.354,2.07,1.707,1.0,2.203,0.0,8.005,0.041,4.459,0.569,10.72,0.767,2.855,3.75,0.07,9.975,0.848,2.043,12.714,12.0,11.2,0.459,12.5
222,peknis,Invalid,-,-,-,-,-,-,-,-,-,-,-,-,-,-,-,-,-,-,-,-,-,-,-,-,-,-,-,-,-,-,-,-,-,-,-,-,-,-,-,-
223,skhalash,Unknown,-,0,-,-,-,-,-,-,-,-,-,-,-,-,-,-,-,-,-,-,-,-,-,-,-,-,-,-,-,-,-,-,-,-,-,-,-,-,-,-
224,ChanochShayner,Human,0.943,100,81,9,3,0.6,20.356,0.496,61.172,0.862,16.2,9.0,0.588,13.0,3.0,1.0,3.082,0.453,4.5,4.63,6.75,59.079,0.132,143.659,33.983,33.24,5.229,97.428,0.812,16.811,12.128,1.449,21.508,0.758,18.329,9.0,4.0,11.158,0.587,15.0
225,marjan-georgiev,Unknown,-,3,3,2,3,1.0,934.922,934.922,507.367,0.192,1.0,1.0,0.0,0.0,1.0,1.0,0.0,0.0,1.0,0.0,0.0,0.0,0.0,0.0,0.0,934.922,934.922,507.367,0.192,358.762,934.922,934.922,507.367,0.192,358.762,1.5,1.5,0.707,0.167,0.5
226,Vladikasik,Human,0.892,42,42,6,4,0.444,49.67,0.443,122.593,0.845,4.667,2.0,0.571,2.0,1.667,1.0,0.866,0.252,3.5,4.421,2.75,25.45,0.0,40.697,45.823,157.371,47.929,202.426,0.633,265.952,90.276,9.091,170.821,0.73,79.616,7.0,2.5,12.28,0.643,1.75
227,Engil,Unknown,-,0,-,-,-,-,-,-,-,-,-,-,-,-,-,-,-,-,-,-,-,-,-,-,-,-,-,-,-,-,-,-,-,-,-,-,-,-,-,-
228,DenisBakhvalov,Unknown,-,0,-,-,-,-,-,-,-,-,-,-,-,-,-,-,-,-,-,-,-,-,-,-,-,-,-,-,-,-,-,-,-,-,-,-,-,-,-,-
229,est31,Human,0.953,100,77,10,6,0.545,21.733,0.218,62.221,0.846,7.0,4.0,0.475,6.0,2.909,2.0,1.814,0.312,1.974,1.842,1.0,2.771,0.0,8.155,0.091,40.622,12.586,83.997,0.752,31.82,23.3,0.173,65.897,0.848,17.636,7.7,6.5,5.334,0.368,8.5
230,Shubhamverma2796,Unknown,-,0,-,-,-,-,-,-,-,-,-,-,-,-,-,-,-,-,-,-,-,-,-,-,-,-,-,-,-,-,-,-,-,-,-,-,-,-,-,-
231,lockewritesdocs,Human,0.879,76,64,8,3,0.75,31.948,0.122,83.033,0.867,16.0,9.0,0.414,11.5,5.75,5.5,0.957,0.076,7.111,7.305,6.0,139.426,4.144,308.153,96.766,94.735,12.03,151.08,0.712,121.929,40.588,0.219,98.763,0.852,22.778,8.0,6.0,6.325,0.398,7.25
232,mittalyashu,Human,0.951,100,87,13,24,0.8,10.611,0.134,25.881,0.837,2.9,1.0,0.58,1.0,1.667,1.0,1.348,0.327,2.351,3.592,1.0,0.888,0.0,2.626,0.016,24.435,14.491,35.816,0.656,25.514,8.019,0.065,20.852,0.836,5.619,6.692,3.0,6.499,0.497,9.0
233,jiajingbin,Human,0.104,16,16,4,1,1.0,115.266,0.048,257.4,0.832,16.0,16.0,0.0,0.0,4.0,4.0,0.0,0.0,16.0,0.0,0.0,1728.988,1728.988,0.0,0.0,,,0.0,0.0,,144.078,8.765,282.482,0.79,76.1,4.0,4.5,2.16,0.25,2.0
234,LuismiBarcos,Unknown,-,0,-,-,-,-,-,-,-,-,-,-,-,-,-,-,-,-,-,-,-,-,-,-,-,-,-,-,-,-,-,-,-,-,-,-,-,-,-,-
235,Romakita,Human,0.92,100,94,8,4,0.8,1.306,0.048,3.542,0.874,18.8,5.0,0.672,12.0,4.0,4.0,3.082,0.38,7.231,9.867,6.0,2.86,0.491,5.071,4.19,7.022,6.068,6.886,0.523,12.065,1.771,0.059,4.312,0.855,0.32,11.75,7.5,12.948,0.489,6.75
236,mweststrate,Human,0.953,47,40,9,3,0.6,51.571,0.188,127.91,0.856,8.0,4.0,0.47,9.0,3.6,2.0,3.209,0.422,3.077,2.985,3.0,57.79,0.115,154.147,23.054,104.999,42.154,155.15,0.678,123.701,63.527,0.188,145.939,0.844,38.622,4.444,3.0,3.712,0.428,6.0
237,ceford,Human,0.762,149,148,7,4,0.19,12.887,0.319,34.228,0.833,7.048,5.0,0.548,7.0,1.238,1.0,0.625,0.168,1.223,0.54,0.0,2.393,0.0,6.85,0.0,13.374,0.105,37.56,0.864,6.229,36.92,7.855,61.253,0.692,43.678,21.143,2.0,50.224,0.793,3.0
238,pablogs9,Human,0.941,100,83,10,3,0.3,3.86,0.209,10.445,0.868,8.3,8.0,0.37,4.5,3.5,3.5,2.224,0.329,2.306,1.737,3.0,1.457,0.0,8.174,0.23,7.545,0.658,13.015,0.726,11.031,3.613,0.161,9.796,0.863,0.694,8.3,8.0,6.945,0.404,5.0
239,povilass,Bot,0.531,14,14,2,1,1.0,0.614,0.078,1.3,0.788,14.0,14.0,0.0,0.0,2.0,2.0,0.0,0.0,14.0,0.0,0.0,7.979,7.979,0.0,0.0,,,0.0,0.0,,4.38,4.38,0.0,0.0,0.0,7.0,7.0,8.485,0.429,6.0
240,k1LoW,Human,0.916,100,82,8,3,0.375,3.543,0.066,8.667,0.849,10.25,8.5,0.43,12.75,4.375,5.0,2.504,0.296,4.1,4.025,2.5,5.36,0.001,12.838,0.597,9.463,3.751,13.873,0.662,10.478,3.605,0.056,8.841,0.847,1.551,10.25,8.0,7.086,0.354,10.25
241,asalkeld,Unknown,-,0,-,-,-,-,-,-,-,-,-,-,-,-,-,-,-,-,-,-,-,-,-,-,-,-,-,-,-,-,-,-,-,-,-,-,-,-,-,-
242,boxofrad,Bot,0.727,11,7,1,1,0.5,245.765,84.199,341.321,0.644,3.5,3.5,0.357,2.5,1.0,1.0,0.0,0.0,3.5,3.536,2.5,672.173,672.173,950.596,672.173,130.245,130.245,0.0,0.0,0.0,,,0.0,0.0,,7.0,7.0,0.0,0.0,0.0
243,leontalbot,Unknown,-,1,1,1,1,1.0,,,0.0,0.0,1.0,1.0,0.0,0.0,1.0,1.0,0.0,0.0,1.0,0.0,0.0,0.0,0.0,0.0,0.0,,,0.0,0.0,,,,0.0,0.0,,1.0,1.0,0.0,0.0,0.0
244,arpitjalan,Human,0.733,26,22,7,1,0.25,76.185,0.035,133.0,0.769,5.5,5.5,0.341,4.5,3.75,4.5,1.893,0.217,4.4,3.362,1.0,137.589,0.038,262.245,85.935,227.982,252.789,141.92,0.295,164.522,64.122,0.011,121.292,0.793,55.034,3.143,4.0,1.574,0.247,2.0
245,justinas,Human,0.953,100,95,13,20,0.909,20.448,2.627,35.785,0.729,4.318,1.0,0.668,0.0,1.545,1.0,1.625,0.318,1.557,1.272,1.0,5.801,0.0,24.168,0.178,26.138,5.862,41.486,0.69,38.781,22.146,2.651,37.849,0.72,26.486,7.308,6.0,5.633,0.416,9.0
246,henryborchers,Human,0.854,300,274,10,3,0.188,2.99,0.043,14.621,0.949,17.125,5.5,0.681,4.5,4.25,4.0,1.483,0.167,6.524,24.051,1.0,7.089,0.004,31.506,0.2,12.65,0.164,30.188,0.854,2.917,5.375,0.024,20.705,0.936,0.19,27.4,16.0,47.65,0.658,23.75
247,nhinsch,Unknown,-,8,7,7,1,0.5,152.37,2.321,325.679,0.794,3.5,3.5,0.214,1.5,3.5,3.5,2.121,0.214,3.5,2.121,1.5,50.843,50.843,65.23,46.124,812.535,812.535,0.0,0.0,0.0,152.37,2.321,325.679,0.794,73.642,1.0,1.0,0.0,0.0,0.0
248,manoelmarques,Unknown,-,0,-,-,-,-,-,-,-,-,-,-,-,-,-,-,-,-,-,-,-,-,-,-,-,-,-,-,-,-,-,-,-,-,-,-,-,-,-,-
249,pramodya1994,Unknown,-,7,7,3,1,0.5,0.134,0.072,0.151,0.46,3.5,3.5,0.071,0.5,2.5,2.5,0.707,0.1,3.5,0.707,0.5,0.275,0.275,0.308,0.218,0.251,0.251,0.0,0.0,0.0,0.098,0.072,0.113,0.378,0.128,2.333,2.0,0.577,0.095,0.5
250,vtamara,Invalid,-,-,-,-,-,-,-,-,-,-,-,-,-,-,-,-,-,-,-,-,-,-,-,-,-,-,-,-,-,-,-,-,-,-,-,-,-,-,-,-
251,dfahlander,Human,0.944,100,93,11,5,0.714,22.066,5.279,31.667,0.68,13.286,2.0,0.756,4.0,2.571,1.0,2.936,0.46,3.875,4.552,3.0,58.153,0.531,93.585,58.64,27.583,13.886,32.315,0.602,43.548,21.681,3.538,32.518,0.71,33.017,8.455,3.0,13.441,0.643,3.5
252,lafriks,Human,0.943,100,81,13,15,0.882,9.501,0.999,18.218,0.778,4.765,1.0,0.649,3.0,1.941,1.0,1.345,0.321,1.929,1.552,1.0,6.113,0.0,17.597,0.079,12.276,1.963,18.925,0.705,14.027,9.686,1.374,16.773,0.744,12.985,6.231,3.0,8.497,0.572,6.0
253,pvinis,Human,0.953,100,97,12,22,0.733,8.387,0.065,24.395,0.865,3.233,1.0,0.626,0.0,1.5,1.0,1.432,0.297,2.853,4.5,1.0,0.488,0.0,1.881,0.002,23.896,8.704,37.243,0.697,24.678,9.866,0.048,27.62,0.858,1.922,8.083,3.0,11.453,0.611,6.0
254,steinsebastian,Human,0.466,67,59,7,1,1.0,36.814,0.835,101.034,0.859,59.0,59.0,0.0,0.0,7.0,7.0,0.0,0.0,59.0,0.0,0.0,2135.219,2135.219,0.0,0.0,,,0.0,0.0,,42.269,0.481,112.996,0.852,17.126,8.429,5.0,9.813,0.479,5.0
255,K900,Human,0.925,100,83,11,8,0.471,0.85,0.04,2.377,0.858,4.882,2.0,0.631,1.0,2.059,2.0,1.713,0.326,1.383,1.01,0.0,0.398,0.0,2.805,0.0,0.777,0.049,2.12,0.848,0.41,0.863,0.026,2.501,0.869,0.43,7.545,7.0,6.362,0.427,9.0
